YEAR_NUM,WEEK_START_DATE,COHORT_STATUS,COHORT_LEADS,ENROLLMENTS,CONVERSION_RATE_PCT,AVG_DAYS_TO_ENROLL,COHORT_COMMISSION_INR,REV_PER_LEAD_INR
2026,2025-12-29,MATURED,141,53,37.59,17.8,731800,5190.07
2026,2026-01-05,MATURED,265,106,40.0,19.0,1464900,5527.92
2026,2026-01-12,MATURED,299,118,39.46,18.1,1617000,5408.03
2026,2026-01-19,MATURED,266,94,35.34,18.3,1284200,4827.82
2026,2026-01-26,MATURED,338,133,39.35,20.1,1748900,5174.26
2026,2026-02-02,MATURED,321,126,39.25,20.3,1685900,5252.02
2026,2026-02-09,MATURED,330,131,39.7,17.7,1728500,5237.88
2026,2026-02-16,MATURED,322,144,44.72,20.5,1978200,6143.48
2026,2026-02-23,MATURED,340,124,36.47,17.9,1744200,5130.0
2026,2026-03-02,MATURED,309,118,38.19,20.4,1660500,5373.79
2026,2026-03-09,MATURED,337,136,40.36,19.1,1855500,5505.93
2026,2026-03-16,MATURED,333,134,40.24,19.9,1838600,5521.32
2026,2026-03-23,MATURED,343,134,39.07,19.2,1784300,5202.04
2026,2026-03-30,MATURED,500,205,41.0,19.4,2830400,5660.8
2026,2026-04-06,MATURED,383,160,41.78,19.2,2222800,5803.66
2026,2026-04-13,MATURED,367,129,35.15,17.9,1759500,4794.28
2026,2026-04-20,MATURED,338,134,39.64,19.9,1813400,5365.09
2026,2026-04-27,MATURED,395,145,36.71,18.6,2026400,5130.13
2026,2026-05-04,MATURING,417,169,40.53,19.6,2290600,5493.05
2026,2026-05-11,MATURING,357,146,40.9,19.5,1983000,5554.62
2026,2026-05-18,MATURING,435,163,37.47,19.2,2177800,5006.44
2026,2026-05-25,MATURING,387,145,37.47,19.8,2001800,5172.61
2026,2026-06-01,MATURING,410,140,34.15,19.0,1911200,4661.46
2026,2026-06-08,MATURING,397,152,38.29,20.1,2144200,5401.01
2026,2026-06-15,MATURING,410,149,36.34,21.1,2101200,5124.88
2026,2026-06-22,MATURING,424,139,32.78,16.6,1915600,4517.92
2026,2026-06-29,MATURING,76,34,44.74,23.5,467000,6144.74
