DATE_KEY,FULL_DATE,WEEK_START_DATE,MONTH_START_DATE,CHANNEL_KEY,CHANNEL_NAME,CHANNEL_GROUP,IS_PAID,IMPRESSIONS,CLICKS,SPEND_INR,LEADS_GENERATED,ENROLLMENTS,REVENUE_INR,CPL_INR,CAC_INR,ROAS
20260413,2026-04-13,2026-04-13,2026-04-01,2,Microsoft Ads,Paid Search,1,1041,50,1693.87,0,0,0,,,0.0
20260423,2026-04-23,2026-04-20,2026-04-01,2,Microsoft Ads,Paid Search,1,2293,133,4629.0,0,0,0,,,0.0
20260424,2026-04-24,2026-04-20,2026-04-01,2,Microsoft Ads,Paid Search,1,1642,92,2835.89,1,0,0,2835.89,,0.0
20260502,2026-05-02,2026-04-27,2026-05-01,2,Microsoft Ads,Paid Search,1,2163,100,3273.61,0,0,0,,,0.0
20260503,2026-05-03,2026-04-27,2026-05-01,2,Microsoft Ads,Paid Search,1,1725,92,3079.03,0,0,0,,,0.0
20260509,2026-05-09,2026-05-04,2026-05-01,2,Microsoft Ads,Paid Search,1,528,25,956.23,0,0,0,,,0.0
20260518,2026-05-18,2026-05-18,2026-05-01,2,Microsoft Ads,Paid Search,1,489,50,714.29,0,0,0,,,0.0
20260524,2026-05-24,2026-05-18,2026-05-01,2,Microsoft Ads,Paid Search,1,2436,150,5485.02,0,0,0,,,0.0
20260604,2026-06-04,2026-06-01,2026-06-01,2,Microsoft Ads,Paid Search,1,2095,100,3961.31,0,0,0,,,0.0
20260616,2026-06-16,2026-06-15,2026-06-01,2,Microsoft Ads,Paid Search,1,1223,67,2138.04,0,0,0,,,0.0
20260121,2026-01-21,2026-01-19,2026-01-01,4,YouTube Ads,Paid Video,1,234299,875,4987.27,0,0,0,,,0.0
20260130,2026-01-30,2026-01-26,2026-01-01,4,YouTube Ads,Paid Video,1,234358,1000,6530.56,0,0,0,,,0.0
20260205,2026-02-05,2026-02-02,2026-02-01,4,YouTube Ads,Paid Video,1,206083,750,4726.51,0,0,0,,,0.0
20260208,2026-02-08,2026-02-02,2026-02-01,4,YouTube Ads,Paid Video,1,239278,875,6436.72,0,0,0,,,0.0
20260210,2026-02-10,2026-02-09,2026-02-01,4,YouTube Ads,Paid Video,1,134501,500,3067.52,0,0,0,,,0.0
20260211,2026-02-11,2026-02-09,2026-02-01,4,YouTube Ads,Paid Video,1,556374,2250,12276.45,0,0,0,,,0.0
20260217,2026-02-17,2026-02-16,2026-02-01,4,YouTube Ads,Paid Video,1,314844,1250,6971.92,0,0,0,,,0.0
20260325,2026-03-25,2026-03-23,2026-03-01,4,YouTube Ads,Paid Video,1,235391,1250,10269.95,0,0,0,,,0.0
20260328,2026-03-28,2026-03-23,2026-03-01,4,YouTube Ads,Paid Video,1,201229,1167,9843.33,0,0,0,,,0.0
20260408,2026-04-08,2026-04-06,2026-04-01,4,YouTube Ads,Paid Video,1,257850,1125,8690.47,0,0,0,,,0.0
20260412,2026-04-12,2026-04-06,2026-04-01,4,YouTube Ads,Paid Video,1,260117,1333,10813.65,0,0,0,,,0.0
20260420,2026-04-20,2026-04-20,2026-04-01,4,YouTube Ads,Paid Video,1,142789,708,5943.2,0,0,0,,,0.0
20260421,2026-04-21,2026-04-20,2026-04-01,4,YouTube Ads,Paid Video,1,148444,792,6509.71,0,0,0,,,0.0
20260424,2026-04-24,2026-04-20,2026-04-01,4,YouTube Ads,Paid Video,1,225654,1000,6983.6,0,0,0,,,0.0
20260506,2026-05-06,2026-05-04,2026-05-01,4,YouTube Ads,Paid Video,1,194913,1083,10318.66,0,0,0,,,0.0
20260513,2026-05-13,2026-05-11,2026-05-01,4,YouTube Ads,Paid Video,1,296875,1500,11859.0,0,0,0,,,0.0
20260527,2026-05-27,2026-05-25,2026-05-01,4,YouTube Ads,Paid Video,1,106233,583,5319.42,0,0,0,,,0.0
20260601,2026-06-01,2026-06-01,2026-06-01,4,YouTube Ads,Paid Video,1,170151,833,7830.58,0,0,0,,,0.0
20260611,2026-06-11,2026-06-08,2026-06-01,4,YouTube Ads,Paid Video,1,185674,1000,7896.54,0,0,0,,,0.0
20260628,2026-06-28,2026-06-22,2026-06-01,4,YouTube Ads,Paid Video,1,0,0,0.0,0,0,0,,,
20260120,2026-01-20,2026-01-19,2026-01-01,1,Google Ads,Paid Search,1,13697,622,40069.06,11,2,30100,3642.64,20034.53,0.7512
20260123,2026-01-23,2026-01-19,2026-01-01,1,Google Ads,Paid Search,1,13289,605,38072.12,19,5,66000,2003.8,7614.42,1.7336
20260131,2026-01-31,2026-01-26,2026-01-01,1,Google Ads,Paid Search,1,15715,713,38725.22,18,10,132300,2151.4,3872.52,3.4164
20260202,2026-02-02,2026-02-02,2026-02-01,1,Google Ads,Paid Search,1,16775,688,39971.69,10,6,86300,3997.17,6661.95,2.159
20260218,2026-02-18,2026-02-16,2026-02-01,1,Google Ads,Paid Search,1,12892,586,35772.25,18,5,73900,1987.35,7154.45,2.0658
20260225,2026-02-25,2026-02-23,2026-02-01,1,Google Ads,Paid Search,1,14030,562,41239.3,14,5,77200,2945.66,8247.86,1.872
20260304,2026-03-04,2026-03-02,2026-03-01,1,Google Ads,Paid Search,1,28159,876,49311.93,14,6,86800,3522.28,8218.66,1.7602
20260315,2026-03-15,2026-03-09,2026-03-01,1,Google Ads,Paid Search,1,14113,556,39202.91,10,4,50800,3920.29,9800.73,1.2958
20260316,2026-03-16,2026-03-16,2026-03-01,1,Google Ads,Paid Search,1,19955,761,49172.64,15,5,71100,3278.18,9834.53,1.4459
20260326,2026-03-26,2026-03-23,2026-03-01,1,Google Ads,Paid Search,1,14303,543,33717.92,12,7,92000,2809.83,4816.85,2.7285
20260330,2026-03-30,2026-03-30,2026-03-01,1,Google Ads,Paid Search,1,30123,1157,63288.07,30,14,206400,2109.6,4520.58,3.2613
20260331,2026-03-31,2026-03-30,2026-03-01,1,Google Ads,Paid Search,1,14431,627,41790.95,13,6,91700,3214.69,6965.16,2.1943
20260425,2026-04-25,2026-04-20,2026-04-01,1,Google Ads,Paid Search,1,11639,483,30440.64,14,5,73800,2174.33,6088.13,2.4244
20260501,2026-05-01,2026-04-27,2026-05-01,1,Google Ads,Paid Search,1,22850,835,47997.66,20,8,105700,2399.88,5999.71,2.2022
20260509,2026-05-09,2026-05-04,2026-05-01,1,Google Ads,Paid Search,1,14452,592,38190.01,9,3,42200,4243.33,12730.0,1.105
20260514,2026-05-14,2026-05-11,2026-05-01,1,Google Ads,Paid Search,1,17265,611,37451.94,9,4,48200,4161.33,9362.99,1.287
20260530,2026-05-30,2026-05-25,2026-05-01,1,Google Ads,Paid Search,1,14662,552,27639.94,13,4,56600,2126.15,6909.99,2.0478
20260603,2026-06-03,2026-06-01,2026-06-01,1,Google Ads,Paid Search,1,18708,795,52821.92,19,10,163400,2780.1,5282.19,3.0934
20260604,2026-06-04,2026-06-01,2026-06-01,1,Google Ads,Paid Search,1,22203,780,48361.61,18,7,104000,2686.76,6908.8,2.1505
20260611,2026-06-11,2026-06-08,2026-06-01,1,Google Ads,Paid Search,1,23643,955,68024.31,25,11,159500,2720.97,6184.03,2.3447
20260613,2026-06-13,2026-06-08,2026-06-01,1,Google Ads,Paid Search,1,7796,379,27026.24,6,2,31300,4504.37,13513.12,1.1581
20260615,2026-06-15,2026-06-15,2026-06-01,1,Google Ads,Paid Search,1,22407,880,52106.79,21,3,41600,2481.28,17368.93,0.7984
20260624,2026-06-24,2026-06-22,2026-06-01,1,Google Ads,Paid Search,1,16617,672,44806.43,19,9,107300,2358.23,4978.49,2.3947
20260106,2026-01-06,2026-01-05,2026-01-01,3,Meta Ads,Paid Social,1,71070,533,4904.7,0,0,0,,,0.0
20260109,2026-01-09,2026-01-05,2026-01-01,3,Meta Ads,Paid Social,1,82065,613,6476.47,0,0,0,,,0.0
20260119,2026-01-19,2026-01-19,2026-01-01,3,Meta Ads,Paid Social,1,26548,320,4324.97,0,0,0,,,0.0
20260121,2026-01-21,2026-01-19,2026-01-01,3,Meta Ads,Paid Social,1,19060,291,2919.16,0,0,0,,,0.0
20260130,2026-01-30,2026-01-26,2026-01-01,3,Meta Ads,Paid Social,1,36014,414,4915.19,0,0,0,,,0.0
20260210,2026-02-10,2026-02-09,2026-02-01,3,Meta Ads,Paid Social,1,78273,704,6943.36,0,0,0,,,0.0
20260212,2026-02-12,2026-02-09,2026-02-01,3,Meta Ads,Paid Social,1,44089,506,5545.55,0,0,0,,,0.0
20260313,2026-03-13,2026-03-09,2026-03-01,3,Meta Ads,Paid Social,1,46667,494,7222.62,0,0,0,,,0.0
20260315,2026-03-15,2026-03-09,2026-03-01,3,Meta Ads,Paid Social,1,62736,676,9248.69,0,0,0,,,0.0
20260320,2026-03-20,2026-03-16,2026-03-01,3,Meta Ads,Paid Social,1,90574,778,8200.21,0,0,0,,,0.0
20260331,2026-03-31,2026-03-30,2026-03-01,3,Meta Ads,Paid Social,1,129309,1070,11419.12,0,0,0,,,0.0
20260401,2026-04-01,2026-03-30,2026-04-01,3,Meta Ads,Paid Social,1,76946,1021,13704.94,0,0,0,,,0.0
20260403,2026-04-03,2026-03-30,2026-04-01,3,Meta Ads,Paid Social,1,54832,544,8521.66,0,0,0,,,0.0
20260406,2026-04-06,2026-04-06,2026-04-01,3,Meta Ads,Paid Social,1,76947,899,11404.59,0,0,0,,,0.0
20260409,2026-04-09,2026-04-06,2026-04-01,3,Meta Ads,Paid Social,1,39147,501,6880.12,0,0,0,,,0.0
20260411,2026-04-11,2026-04-06,2026-04-01,3,Meta Ads,Paid Social,1,57387,613,7311.37,0,0,0,,,0.0
20260415,2026-04-15,2026-04-13,2026-04-01,3,Meta Ads,Paid Social,1,60109,752,9030.85,0,0,0,,,0.0
20260417,2026-04-17,2026-04-13,2026-04-01,3,Meta Ads,Paid Social,1,36730,507,5876.92,0,0,0,,,0.0
20260429,2026-04-29,2026-04-27,2026-04-01,3,Meta Ads,Paid Social,1,35325,450,5999.11,0,0,0,,,0.0
20260509,2026-05-09,2026-05-04,2026-05-01,3,Meta Ads,Paid Social,1,36315,456,6464.41,0,0,0,,,0.0
20260520,2026-05-20,2026-05-18,2026-05-01,3,Meta Ads,Paid Social,1,38476,496,6945.57,0,0,0,,,0.0
20260524,2026-05-24,2026-05-18,2026-05-01,3,Meta Ads,Paid Social,1,9090,154,1584.91,0,0,0,,,0.0
20260602,2026-06-02,2026-06-01,2026-06-01,3,Meta Ads,Paid Social,1,72435,918,13028.3,0,0,0,,,0.0
20260612,2026-06-12,2026-06-08,2026-06-01,3,Meta Ads,Paid Social,1,19223,279,3627.03,0,0,0,,,0.0
20260619,2026-06-19,2026-06-15,2026-06-01,3,Meta Ads,Paid Social,1,36135,461,6681.6,0,0,0,,,0.0
20260627,2026-06-27,2026-06-22,2026-06-01,3,Meta Ads,Paid Social,1,13225,160,2028.39,0,0,0,,,0.0
20260629,2026-06-29,2026-06-29,2026-06-01,3,Meta Ads,Paid Social,1,12736,154,1968.06,0,0,0,,,0.0
20260114,2026-01-14,2026-01-12,2026-01-01,2,Microsoft Ads,Paid Search,1,516,25,923.84,0,0,0,,,0.0
20260123,2026-01-23,2026-01-19,2026-01-01,2,Microsoft Ads,Paid Search,1,1072,50,2181.33,0,0,0,,,0.0
20260124,2026-01-24,2026-01-19,2026-01-01,2,Microsoft Ads,Paid Search,1,1148,92,2219.2,0,0,0,,,0.0
20260128,2026-01-28,2026-01-26,2026-01-01,2,Microsoft Ads,Paid Search,1,492,25,786.03,0,0,0,,,0.0
20260130,2026-01-30,2026-01-26,2026-01-01,2,Microsoft Ads,Paid Search,1,1000,50,2111.99,0,0,0,,,0.0
20260202,2026-02-02,2026-02-02,2026-02-01,2,Microsoft Ads,Paid Search,1,1851,108,3239.89,1,0,0,3239.89,,0.0
20260212,2026-02-12,2026-02-09,2026-02-01,2,Microsoft Ads,Paid Search,1,1857,125,3449.07,0,0,0,,,0.0
20260213,2026-02-13,2026-02-09,2026-02-01,2,Microsoft Ads,Paid Search,1,172,17,291.26,0,0,0,,,0.0
20260215,2026-02-15,2026-02-09,2026-02-01,2,Microsoft Ads,Paid Search,1,976,50,1708.8,0,0,0,,,0.0
20260312,2026-03-12,2026-03-09,2026-03-01,2,Microsoft Ads,Paid Search,1,855,58,1425.89,0,0,0,,,0.0
20260320,2026-03-20,2026-03-16,2026-03-01,2,Microsoft Ads,Paid Search,1,0,0,0.0,0,0,0,,,
20260327,2026-03-27,2026-03-23,2026-03-01,2,Microsoft Ads,Paid Search,1,869,58,1219.82,0,0,0,,,0.0
20260407,2026-04-07,2026-04-06,2026-04-01,14,Other,Other,0,0,0,0.0,41,12,171900,0.0,0.0,
20260403,2026-04-03,2026-03-30,2026-04-01,14,Other,Other,0,0,0,0.0,58,23,319400,0.0,0.0,
20260305,2026-03-05,2026-03-02,2026-03-01,14,Other,Other,0,0,0,0.0,27,10,139700,0.0,0.0,
20260309,2026-03-09,2026-03-09,2026-03-01,14,Other,Other,0,0,0,0.0,37,12,150400,0.0,0.0,
20260314,2026-03-14,2026-03-09,2026-03-01,14,Other,Other,0,0,0,0.0,35,15,203800,0.0,0.0,
20260228,2026-02-28,2026-02-23,2026-02-01,14,Other,Other,0,0,0,0.0,32,14,174700,0.0,0.0,
20260319,2026-03-19,2026-03-16,2026-03-01,15,Unknown,Other,0,0,0,0.0,2,2,28000,0.0,0.0,
20260320,2026-03-20,2026-03-16,2026-03-01,14,Other,Other,0,0,0,0.0,42,18,246500,0.0,0.0,
20260204,2026-02-04,2026-02-02,2026-02-01,14,Other,Other,0,0,0,0.0,45,19,260500,0.0,0.0,
20260204,2026-02-04,2026-02-02,2026-02-01,15,Unknown,Other,0,0,0,0.0,1,1,11800,0.0,0.0,
20260125,2026-01-25,2026-01-19,2026-01-01,14,Other,Other,0,0,0,0.0,26,6,75100,0.0,0.0,
20260127,2026-01-27,2026-01-26,2026-01-01,14,Other,Other,0,0,0,0.0,33,12,169100,0.0,0.0,
20260119,2026-01-19,2026-01-19,2026-01-01,14,Other,Other,0,0,0,0.0,25,12,165600,0.0,0.0,
20260419,2026-04-19,2026-04-13,2026-04-01,14,Other,Other,0,0,0,0.0,37,14,189500,0.0,0.0,
20260217,2026-02-17,2026-02-16,2026-02-01,15,Unknown,Other,0,0,0,0.0,1,1,11400,0.0,0.0,
20260622,2026-06-22,2026-06-22,2026-06-01,14,Other,Other,0,0,0,0.0,56,22,297700,0.0,0.0,
20260520,2026-05-20,2026-05-18,2026-05-01,14,Other,Other,0,0,0,0.0,77,29,367400,0.0,0.0,
20260606,2026-06-06,2026-06-01,2026-06-01,15,Unknown,Other,0,0,0,0.0,1,1,10000,0.0,0.0,
20260502,2026-05-02,2026-04-27,2026-05-01,14,Other,Other,0,0,0,0.0,25,9,132100,0.0,0.0,
20260503,2026-05-03,2026-04-27,2026-05-01,14,Other,Other,0,0,0,0.0,26,11,163900,0.0,0.0,
20260530,2026-05-30,2026-05-25,2026-05-01,14,Other,Other,0,0,0,0.0,25,8,113900,0.0,0.0,
20260515,2026-05-15,2026-05-11,2026-05-01,14,Other,Other,0,0,0,0.0,39,18,235300,0.0,0.0,
20260516,2026-05-16,2026-05-11,2026-05-01,14,Other,Other,0,0,0,0.0,27,12,161200,0.0,0.0,
20260602,2026-06-02,2026-06-01,2026-06-01,14,Other,Other,0,0,0,0.0,40,13,167500,0.0,0.0,
20260507,2026-05-07,2026-05-04,2026-05-01,14,Other,Other,0,0,0,0.0,44,17,248000,0.0,0.0,
20260417,2026-04-17,2026-04-13,2026-04-01,2,Microsoft Ads,Paid Search,1,677,42,1249.23,0,0,0,,,0.0
20260419,2026-04-19,2026-04-13,2026-04-01,2,Microsoft Ads,Paid Search,1,510,25,954.3,0,0,0,,,0.0
20260426,2026-04-26,2026-04-20,2026-04-01,2,Microsoft Ads,Paid Search,1,178,17,251.55,0,0,0,,,0.0
20260427,2026-04-27,2026-04-27,2026-04-01,2,Microsoft Ads,Paid Search,1,1342,83,2449.74,0,0,0,,,0.0
20260430,2026-04-30,2026-04-27,2026-04-01,2,Microsoft Ads,Paid Search,1,678,42,1364.69,0,0,0,,,0.0
20260511,2026-05-11,2026-05-11,2026-05-01,2,Microsoft Ads,Paid Search,1,2057,125,3227.88,0,0,0,,,0.0
20260512,2026-05-12,2026-05-11,2026-05-01,2,Microsoft Ads,Paid Search,1,1673,92,2846.13,0,0,0,,,0.0
20260521,2026-05-21,2026-05-18,2026-05-01,2,Microsoft Ads,Paid Search,1,171,17,260.32,0,0,0,,,0.0
20260523,2026-05-23,2026-05-18,2026-05-01,2,Microsoft Ads,Paid Search,1,289,33,513.66,0,0,0,,,0.0
20260530,2026-05-30,2026-05-25,2026-05-01,2,Microsoft Ads,Paid Search,1,1025,75,1643.57,0,0,0,,,0.0
20260603,2026-06-03,2026-06-01,2026-06-01,2,Microsoft Ads,Paid Search,1,2100,117,4437.24,0,0,0,,,0.0
20260614,2026-06-14,2026-06-08,2026-06-01,2,Microsoft Ads,Paid Search,1,1256,83,2169.04,0,0,0,,,0.0
20260120,2026-01-20,2026-01-19,2026-01-01,4,YouTube Ads,Paid Video,1,321817,1250,6468.72,0,0,0,,,0.0
20260125,2026-01-25,2026-01-19,2026-01-01,4,YouTube Ads,Paid Video,1,285373,1125,7042.97,0,0,0,,,0.0
20260204,2026-02-04,2026-02-02,2026-02-01,4,YouTube Ads,Paid Video,1,202953,875,6012.0,0,0,0,,,0.0
20260227,2026-02-27,2026-02-23,2026-02-01,4,YouTube Ads,Paid Video,1,145159,625,3018.51,0,0,0,,,0.0
20260302,2026-03-02,2026-03-02,2026-03-01,4,YouTube Ads,Paid Video,1,235487,1167,8113.73,0,0,0,,,0.0
20260316,2026-03-16,2026-03-16,2026-03-01,4,YouTube Ads,Paid Video,1,420305,1792,13042.05,0,0,0,,,0.0
20260320,2026-03-20,2026-03-16,2026-03-01,4,YouTube Ads,Paid Video,1,153893,625,3729.99,0,0,0,,,0.0
20260329,2026-03-29,2026-03-23,2026-03-01,4,YouTube Ads,Paid Video,1,222577,1292,13456.44,0,0,0,,,0.0
20260402,2026-04-02,2026-03-30,2026-04-01,4,YouTube Ads,Paid Video,1,313425,1542,13883.56,0,0,0,,,0.0
20260407,2026-04-07,2026-04-06,2026-04-01,4,YouTube Ads,Paid Video,1,384407,1542,9585.2,0,0,0,,,0.0
20260414,2026-04-14,2026-04-13,2026-04-01,4,YouTube Ads,Paid Video,1,260975,1125,8054.98,0,0,0,,,0.0
20260416,2026-04-16,2026-04-13,2026-04-01,4,YouTube Ads,Paid Video,1,284802,1250,9484.87,0,0,0,,,0.0
20260417,2026-04-17,2026-04-13,2026-04-01,4,YouTube Ads,Paid Video,1,182836,875,5919.93,0,0,0,,,0.0
20260418,2026-04-18,2026-04-13,2026-04-01,4,YouTube Ads,Paid Video,1,40479,208,1685.47,0,0,0,,,0.0
20260423,2026-04-23,2026-04-20,2026-04-01,4,YouTube Ads,Paid Video,1,286827,1375,9988.48,0,0,0,,,0.0
20260425,2026-04-25,2026-04-20,2026-04-01,4,YouTube Ads,Paid Video,1,188829,1000,9254.83,0,0,0,,,0.0
20260510,2026-05-10,2026-05-04,2026-05-01,4,YouTube Ads,Paid Video,1,291436,1500,10404.79,0,0,0,,,0.0
20260512,2026-05-12,2026-05-11,2026-05-01,4,YouTube Ads,Paid Video,1,136746,833,7758.5,0,0,0,,,0.0
20260517,2026-05-17,2026-05-11,2026-05-01,4,YouTube Ads,Paid Video,1,132070,708,5980.45,0,0,0,,,0.0
20260528,2026-05-28,2026-05-25,2026-05-01,4,YouTube Ads,Paid Video,1,178497,792,6036.98,0,0,0,,,0.0
20260603,2026-06-03,2026-06-01,2026-06-01,4,YouTube Ads,Paid Video,1,258177,1250,9305.42,0,0,0,,,0.0
20260608,2026-06-08,2026-06-08,2026-06-01,4,YouTube Ads,Paid Video,1,306653,1417,9898.68,0,0,0,,,0.0
20260619,2026-06-19,2026-06-15,2026-06-01,4,YouTube Ads,Paid Video,1,183942,958,8187.76,0,0,0,,,0.0
20260620,2026-06-20,2026-06-15,2026-06-01,4,YouTube Ads,Paid Video,1,321748,1500,10150.17,0,0,0,,,0.0
20260111,2026-01-11,2026-01-05,2026-01-01,1,Google Ads,Paid Search,1,8708,384,25679.84,9,3,41900,2853.32,8559.95,1.6316
20260119,2026-01-19,2026-01-19,2026-01-01,1,Google Ads,Paid Search,1,14941,649,47920.19,15,3,44500,3194.68,15973.4,0.9286
20260127,2026-01-27,2026-01-26,2026-01-01,1,Google Ads,Paid Search,1,12489,606,34741.24,15,4,49300,2316.08,8685.31,1.4191
20260209,2026-02-09,2026-02-09,2026-02-01,1,Google Ads,Paid Search,1,16443,696,42492.47,20,7,97700,2124.62,6070.35,2.2992
20260301,2026-03-01,2026-02-23,2026-03-01,1,Google Ads,Paid Search,1,18808,760,52282.45,12,4,55000,4356.87,13070.61,1.052
20260324,2026-03-24,2026-03-23,2026-03-01,1,Google Ads,Paid Search,1,17470,674,43424.22,16,9,116900,2714.01,4824.91,2.692
20260411,2026-04-11,2026-04-06,2026-04-01,1,Google Ads,Paid Search,1,14909,599,38948.89,14,3,47900,2782.06,12982.96,1.2298
20260512,2026-05-12,2026-05-11,2026-05-01,1,Google Ads,Paid Search,1,15229,623,31857.27,17,6,81000,1873.96,5309.55,2.5426
20260525,2026-05-25,2026-05-25,2026-05-01,1,Google Ads,Paid Search,1,19379,830,54627.4,19,9,125700,2875.13,6069.71,2.301
20260609,2026-06-09,2026-06-08,2026-06-01,1,Google Ads,Paid Search,1,27572,954,50956.93,21,4,57800,2426.52,12739.23,1.1343
20260616,2026-06-16,2026-06-15,2026-06-01,1,Google Ads,Paid Search,1,24370,961,50638.62,23,6,86800,2201.68,8439.77,1.7141
20260617,2026-06-17,2026-06-15,2026-06-01,1,Google Ads,Paid Search,1,22111,843,55407.35,21,6,81100,2638.45,9234.56,1.4637
20260628,2026-06-28,2026-06-22,2026-06-01,1,Google Ads,Paid Search,1,10190,451,33067.28,12,6,75200,2755.61,5511.21,2.2742
20260629,2026-06-29,2026-06-29,2026-06-01,1,Google Ads,Paid Search,1,20152,681,37919.24,24,11,156400,1579.97,3447.2,4.1246
20260101,2026-01-01,2025-12-29,2026-01-01,3,Meta Ads,Paid Social,1,57499,527,5711.73,0,0,0,,,0.0
20260117,2026-01-17,2026-01-12,2026-01-01,3,Meta Ads,Paid Social,1,74509,610,6759.22,0,0,0,,,0.0
20260206,2026-02-06,2026-02-02,2026-02-01,3,Meta Ads,Paid Social,1,103343,800,7307.98,0,0,0,,,0.0
20260307,2026-03-07,2026-03-02,2026-03-01,3,Meta Ads,Paid Social,1,44379,496,7924.07,0,0,0,,,0.0
20260312,2026-03-12,2026-03-09,2026-03-01,3,Meta Ads,Paid Social,1,51047,616,8701.92,0,0,0,,,0.0
20260316,2026-03-16,2026-03-16,2026-03-01,3,Meta Ads,Paid Social,1,92442,906,10731.36,0,0,0,,,0.0
20260425,2026-04-25,2026-04-20,2026-04-01,3,Meta Ads,Paid Social,1,33221,428,5593.2,0,0,0,,,0.0
20260528,2026-05-28,2026-05-25,2026-05-01,3,Meta Ads,Paid Social,1,39503,451,6370.75,0,0,0,,,0.0
20260529,2026-05-29,2026-05-25,2026-05-01,3,Meta Ads,Paid Social,1,44995,587,8392.83,0,0,0,,,0.0
20260606,2026-06-06,2026-06-01,2026-06-01,3,Meta Ads,Paid Social,1,32152,421,5479.32,0,0,0,,,0.0
20260615,2026-06-15,2026-06-15,2026-06-01,3,Meta Ads,Paid Social,1,52833,697,9218.19,0,0,0,,,0.0
20260119,2026-01-19,2026-01-19,2026-01-01,2,Microsoft Ads,Paid Search,1,692,42,1172.94,0,0,0,,,0.0
20260126,2026-01-26,2026-01-26,2026-01-01,2,Microsoft Ads,Paid Search,1,184,17,290.97,0,0,0,,,0.0
20260208,2026-02-08,2026-02-02,2026-02-01,2,Microsoft Ads,Paid Search,1,1829,108,3598.4,0,0,0,,,0.0
20260225,2026-02-25,2026-02-23,2026-02-01,2,Microsoft Ads,Paid Search,1,2070,125,3228.65,0,0,0,,,0.0
20260301,2026-03-01,2026-02-23,2026-03-01,2,Microsoft Ads,Paid Search,1,1136,67,2047.89,0,0,0,,,0.0
20260329,2026-03-29,2026-03-23,2026-03-01,2,Microsoft Ads,Paid Search,1,1783,92,3189.12,0,0,0,,,0.0
20260330,2026-03-30,2026-03-30,2026-03-01,2,Microsoft Ads,Paid Search,1,686,42,1119.77,0,0,0,,,0.0
20260409,2026-04-09,2026-04-06,2026-04-01,14,Other,Other,0,0,0,0.0,45,26,357400,0.0,0.0,
20260410,2026-04-10,2026-04-06,2026-04-01,15,Unknown,Other,0,0,0,0.0,1,1,13500,0.0,0.0,
20260413,2026-04-13,2026-04-13,2026-04-01,14,Other,Other,0,0,0,0.0,37,10,141000,0.0,0.0,
20260401,2026-04-01,2026-03-30,2026-04-01,14,Other,Other,0,0,0,0.0,59,27,354100,0.0,0.0,
20260402,2026-04-02,2026-03-30,2026-04-01,15,Unknown,Other,0,0,0,0.0,1,1,13500,0.0,0.0,
20260403,2026-04-03,2026-03-30,2026-04-01,15,Unknown,Other,0,0,0,0.0,1,1,11500,0.0,0.0,
20260311,2026-03-11,2026-03-09,2026-03-01,14,Other,Other,0,0,0,0.0,32,12,167500,0.0,0.0,
20260302,2026-03-02,2026-03-02,2026-03-01,14,Other,Other,0,0,0,0.0,23,6,91400,0.0,0.0,
20260326,2026-03-26,2026-03-23,2026-03-01,14,Other,Other,0,0,0,0.0,24,10,135600,0.0,0.0,
20260329,2026-03-29,2026-03-23,2026-03-01,14,Other,Other,0,0,0,0.0,23,7,90900,0.0,0.0,
20260318,2026-03-18,2026-03-16,2026-03-01,14,Other,Other,0,0,0,0.0,36,19,266400,0.0,0.0,
20260130,2026-01-30,2026-01-26,2026-01-01,14,Other,Other,0,0,0,0.0,33,16,209200,0.0,0.0,
20260131,2026-01-31,2026-01-26,2026-01-01,14,Other,Other,0,0,0,0.0,40,14,178800,0.0,0.0,
20260420,2026-04-20,2026-04-20,2026-04-01,15,Unknown,Other,0,0,0,0.0,1,1,13300,0.0,0.0,
20260215,2026-02-15,2026-02-09,2026-02-01,14,Other,Other,0,0,0,0.0,23,6,79500,0.0,0.0,
20260216,2026-02-16,2026-02-16,2026-02-01,14,Other,Other,0,0,0,0.0,41,16,217700,0.0,0.0,
20260219,2026-02-19,2026-02-16,2026-02-01,14,Other,Other,0,0,0,0.0,21,11,159700,0.0,0.0,
20260221,2026-02-21,2026-02-16,2026-02-01,14,Other,Other,0,0,0,0.0,23,9,118000,0.0,0.0,
20260211,2026-02-11,2026-02-09,2026-02-01,14,Other,Other,0,0,0,0.0,30,8,111000,0.0,0.0,
20260508,2026-05-08,2026-05-04,2026-05-01,14,Other,Other,0,0,0,0.0,30,14,168400,0.0,0.0,
20260510,2026-05-10,2026-05-04,2026-05-01,14,Other,Other,0,0,0,0.0,22,11,150600,0.0,0.0,
20260609,2026-06-09,2026-06-08,2026-06-01,14,Other,Other,0,0,0,0.0,39,13,172500,0.0,0.0,
20260607,2026-06-07,2026-06-01,2026-06-01,14,Other,Other,0,0,0,0.0,39,13,173000,0.0,0.0,
20260608,2026-06-08,2026-06-08,2026-06-01,14,Other,Other,0,0,0,0.0,40,16,249900,0.0,0.0,
20260612,2026-06-12,2026-06-08,2026-06-01,14,Other,Other,0,0,0,0.0,57,22,300000,0.0,0.0,
20260513,2026-05-13,2026-05-11,2026-05-01,14,Other,Other,0,0,0,0.0,42,14,181400,0.0,0.0,
20260616,2026-06-16,2026-06-15,2026-06-01,14,Other,Other,0,0,0,0.0,55,20,306400,0.0,0.0,
20260617,2026-06-17,2026-06-15,2026-06-01,14,Other,Other,0,0,0,0.0,49,23,298500,0.0,0.0,
20260619,2026-06-19,2026-06-15,2026-06-01,14,Other,Other,0,0,0,0.0,50,21,294100,0.0,0.0,
20260401,2026-04-01,2026-03-30,2026-04-01,2,Microsoft Ads,Paid Search,1,2755,167,4676.73,0,0,0,,,0.0
20260402,2026-04-02,2026-03-30,2026-04-01,2,Microsoft Ads,Paid Search,1,2958,150,6489.5,0,0,0,,,0.0
20260403,2026-04-03,2026-03-30,2026-04-01,2,Microsoft Ads,Paid Search,1,173,17,296.65,0,0,0,,,0.0
20260407,2026-04-07,2026-04-06,2026-04-01,2,Microsoft Ads,Paid Search,1,1113,92,1882.59,0,0,0,,,0.0
20260415,2026-04-15,2026-04-13,2026-04-01,2,Microsoft Ads,Paid Search,1,506,25,1006.03,0,0,0,,,0.0
20260514,2026-05-14,2026-05-11,2026-05-01,2,Microsoft Ads,Paid Search,1,971,75,1909.66,0,0,0,,,0.0
20260515,2026-05-15,2026-05-11,2026-05-01,2,Microsoft Ads,Paid Search,1,840,58,1402.69,0,0,0,,,0.0
20260516,2026-05-16,2026-05-11,2026-05-01,2,Microsoft Ads,Paid Search,1,1118,67,2163.01,0,0,0,,,0.0
20260517,2026-05-17,2026-05-11,2026-05-01,2,Microsoft Ads,Paid Search,1,1177,67,2231.15,0,0,0,,,0.0
20260527,2026-05-27,2026-05-25,2026-05-01,2,Microsoft Ads,Paid Search,1,1124,67,2192.31,0,0,0,,,0.0
20260602,2026-06-02,2026-06-01,2026-06-01,2,Microsoft Ads,Paid Search,1,180,17,242.59,0,0,0,,,0.0
20260613,2026-06-13,2026-06-08,2026-06-01,2,Microsoft Ads,Paid Search,1,1916,108,3373.86,0,0,0,,,0.0
20260627,2026-06-27,2026-06-22,2026-06-01,2,Microsoft Ads,Paid Search,1,166,17,272.06,0,0,0,,,0.0
20260127,2026-01-27,2026-01-26,2026-01-01,4,YouTube Ads,Paid Video,1,374076,1375,8366.6,0,0,0,,,0.0
20260201,2026-02-01,2026-01-26,2026-02-01,4,YouTube Ads,Paid Video,1,233413,875,4679.87,0,0,0,,,0.0
20260214,2026-02-14,2026-02-09,2026-02-01,4,YouTube Ads,Paid Video,1,210579,875,5925.93,0,0,0,,,0.0
20260303,2026-03-03,2026-03-02,2026-03-01,4,YouTube Ads,Paid Video,1,191948,958,7018.85,0,0,0,,,0.0
20260310,2026-03-10,2026-03-09,2026-03-01,4,YouTube Ads,Paid Video,1,178552,833,6692.82,0,0,0,,,0.0
20260317,2026-03-17,2026-03-16,2026-03-01,4,YouTube Ads,Paid Video,1,164880,708,4882.11,0,0,0,,,0.0
20260319,2026-03-19,2026-03-16,2026-03-01,4,YouTube Ads,Paid Video,1,328658,1458,12843.19,0,0,0,,,0.0
20260326,2026-03-26,2026-03-23,2026-03-01,4,YouTube Ads,Paid Video,1,320215,1500,10830.13,0,0,0,,,0.0
20260331,2026-03-31,2026-03-30,2026-03-01,4,YouTube Ads,Paid Video,1,128200,708,6041.76,0,0,0,,,0.0
20260501,2026-05-01,2026-04-27,2026-05-01,4,YouTube Ads,Paid Video,1,217706,1167,11170.42,0,0,0,,,0.0
20260502,2026-05-02,2026-04-27,2026-05-01,4,YouTube Ads,Paid Video,1,361395,1750,13925.93,0,0,0,,,0.0
20260508,2026-05-08,2026-05-04,2026-05-01,4,YouTube Ads,Paid Video,1,142225,667,4506.17,0,0,0,,,0.0
20260516,2026-05-16,2026-05-11,2026-05-01,4,YouTube Ads,Paid Video,1,200852,1167,11465.11,0,0,0,,,0.0
20260522,2026-05-22,2026-05-18,2026-05-01,4,YouTube Ads,Paid Video,1,136797,708,5331.23,0,0,0,,,0.0
20260523,2026-05-23,2026-05-18,2026-05-01,4,YouTube Ads,Paid Video,1,247674,1042,8355.14,0,0,0,,,0.0
20260530,2026-05-30,2026-05-25,2026-05-01,4,YouTube Ads,Paid Video,1,177491,875,6494.78,0,0,0,,,0.0
20260531,2026-05-31,2026-05-25,2026-05-01,4,YouTube Ads,Paid Video,1,211609,1000,7235.24,0,0,0,,,0.0
20260609,2026-06-09,2026-06-08,2026-06-01,4,YouTube Ads,Paid Video,1,173114,1042,10965.76,0,0,0,,,0.0
20260615,2026-06-15,2026-06-15,2026-06-01,4,YouTube Ads,Paid Video,1,289618,1333,10123.6,0,0,0,,,0.0
20260625,2026-06-25,2026-06-22,2026-06-01,4,YouTube Ads,Paid Video,1,110273,667,5308.25,0,0,0,,,0.0
20260102,2026-01-02,2025-12-29,2026-01-01,1,Google Ads,Paid Search,1,9737,466,24584.68,12,7,101200,2048.72,3512.1,4.1164
20260106,2026-01-06,2026-01-05,2026-01-01,1,Google Ads,Paid Search,1,8294,439,24672.29,10,3,41100,2467.23,8224.1,1.6658
20260107,2026-01-07,2026-01-05,2026-01-01,1,Google Ads,Paid Search,1,17507,799,59672.84,15,10,140700,3978.19,5967.28,2.3579
20260125,2026-01-25,2026-01-19,2026-01-01,1,Google Ads,Paid Search,1,7805,353,22720.79,3,2,28200,7573.6,11360.4,1.2412
20260128,2026-01-28,2026-01-26,2026-01-01,1,Google Ads,Paid Search,1,12323,606,39852.96,16,8,108600,2490.81,4981.62,2.725
20260130,2026-01-30,2026-01-26,2026-01-01,1,Google Ads,Paid Search,1,13847,649,48531.54,14,6,75700,3466.54,8088.59,1.5598
20260206,2026-02-06,2026-02-02,2026-02-01,1,Google Ads,Paid Search,1,16668,797,61347.36,12,8,105800,5112.28,7668.42,1.7246
20260213,2026-02-13,2026-02-09,2026-02-01,1,Google Ads,Paid Search,1,9896,436,26986.32,10,3,31400,2698.63,8995.44,1.1636
20260214,2026-02-14,2026-02-09,2026-02-01,1,Google Ads,Paid Search,1,18060,755,50278.98,13,6,82300,3867.61,8379.83,1.6369
20260224,2026-02-24,2026-02-23,2026-02-01,1,Google Ads,Paid Search,1,17982,762,50978.79,12,4,64900,4248.23,12744.7,1.2731
20260302,2026-03-02,2026-03-02,2026-03-01,1,Google Ads,Paid Search,1,20672,822,56715.19,16,6,84400,3544.7,9452.53,1.4881
20260306,2026-03-06,2026-03-02,2026-03-01,1,Google Ads,Paid Search,1,21200,716,37395.29,16,4,56400,2337.21,9348.82,1.5082
20260307,2026-03-07,2026-03-02,2026-03-01,1,Google Ads,Paid Search,1,11717,513,30269.56,9,5,76400,3363.28,6053.91,2.524
20260319,2026-03-19,2026-03-16,2026-03-01,1,Google Ads,Paid Search,1,15311,513,26848.42,7,2,33000,3835.49,13424.21,1.2291
20260323,2026-03-23,2026-03-23,2026-03-01,1,Google Ads,Paid Search,1,18296,750,50794.22,13,7,99000,3907.25,7256.32,1.949
20260401,2026-04-01,2026-03-30,2026-04-01,1,Google Ads,Paid Search,1,31381,1239,76597.91,35,16,218400,2188.51,4787.37,2.8513
20260405,2026-04-05,2026-03-30,2026-04-01,1,Google Ads,Paid Search,1,18173,740,47060.9,15,4,63000,3137.39,11765.23,1.3387
20260429,2026-04-29,2026-04-27,2026-04-01,1,Google Ads,Paid Search,1,24784,883,55587.08,24,9,112300,2316.13,6176.34,2.0203
20260507,2026-05-07,2026-05-04,2026-05-01,1,Google Ads,Paid Search,1,20629,891,57887.06,24,9,114200,2411.96,6431.9,1.9728
20260511,2026-05-11,2026-05-11,2026-05-01,1,Google Ads,Paid Search,1,18113,759,42896.05,17,5,68700,2523.3,8579.21,1.6015
20260526,2026-05-26,2026-05-25,2026-05-01,1,Google Ads,Paid Search,1,25300,932,63215.3,19,8,110700,3327.12,7901.91,1.7512
20260531,2026-05-31,2026-05-25,2026-05-01,1,Google Ads,Paid Search,1,18484,751,52741.2,13,6,101700,4057.02,8790.2,1.9283
20260619,2026-06-19,2026-06-15,2026-06-01,1,Google Ads,Paid Search,1,21796,771,45598.48,20,7,98300,2279.92,6514.07,2.1558
20260620,2026-06-20,2026-06-15,2026-06-01,1,Google Ads,Paid Search,1,17717,674,42127.36,12,1,11600,3510.61,42127.36,0.2754
20260625,2026-06-25,2026-06-22,2026-06-01,1,Google Ads,Paid Search,1,17019,599,35707.6,17,7,113600,2100.45,5101.09,3.1814
20260118,2026-01-18,2026-01-12,2026-01-01,3,Meta Ads,Paid Social,1,87018,657,6570.24,0,0,0,,,0.0
20260124,2026-01-24,2026-01-19,2026-01-01,3,Meta Ads,Paid Social,1,83143,722,6023.1,0,0,0,,,0.0
20260129,2026-01-29,2026-01-26,2026-01-01,3,Meta Ads,Paid Social,1,44855,600,6991.35,0,0,0,,,0.0
20260211,2026-02-11,2026-02-09,2026-02-01,3,Meta Ads,Paid Social,1,73331,684,7781.86,0,0,0,,,0.0
20260228,2026-02-28,2026-02-23,2026-02-01,3,Meta Ads,Paid Social,1,43944,436,6066.12,0,0,0,,,0.0
20260302,2026-03-02,2026-03-02,2026-03-01,3,Meta Ads,Paid Social,1,42411,479,6568.01,0,0,0,,,0.0
20260317,2026-03-17,2026-03-16,2026-03-01,3,Meta Ads,Paid Social,1,56191,458,4873.92,0,0,0,,,0.0
20260318,2026-03-18,2026-03-16,2026-03-01,3,Meta Ads,Paid Social,1,100850,903,10947.08,0,0,0,,,0.0
20260327,2026-03-27,2026-03-23,2026-03-01,3,Meta Ads,Paid Social,1,118772,1013,11566.15,0,0,0,,,0.0
20260402,2026-04-02,2026-03-30,2026-04-01,3,Meta Ads,Paid Social,1,87493,721,7969.25,0,0,0,,,0.0
20260407,2026-04-07,2026-04-06,2026-04-01,3,Meta Ads,Paid Social,1,58898,647,8710.69,0,0,0,,,0.0
20260410,2026-04-10,2026-04-06,2026-04-01,3,Meta Ads,Paid Social,1,87057,641,6894.2,0,0,0,,,0.0
20260416,2026-04-16,2026-04-13,2026-04-01,3,Meta Ads,Paid Social,1,48809,581,7860.78,0,0,0,,,0.0
20260421,2026-04-21,2026-04-20,2026-04-01,3,Meta Ads,Paid Social,1,35790,485,6571.23,0,0,0,,,0.0
20260426,2026-04-26,2026-04-20,2026-04-01,3,Meta Ads,Paid Social,1,50335,610,9157.82,0,0,0,,,0.0
20260428,2026-04-28,2026-04-27,2026-04-01,3,Meta Ads,Paid Social,1,42081,519,8784.93,0,0,0,,,0.0
20260502,2026-05-02,2026-04-27,2026-05-01,3,Meta Ads,Paid Social,1,42596,507,6752.64,0,0,0,,,0.0
20260503,2026-05-03,2026-04-27,2026-05-01,3,Meta Ads,Paid Social,1,39422,514,7012.6,0,0,0,,,0.0
20260506,2026-05-06,2026-05-04,2026-05-01,3,Meta Ads,Paid Social,1,38440,439,6603.67,0,0,0,,,0.0
20260518,2026-05-18,2026-05-18,2026-05-01,3,Meta Ads,Paid Social,1,50591,645,8939.57,0,0,0,,,0.0
20260521,2026-05-21,2026-05-18,2026-05-01,3,Meta Ads,Paid Social,1,46111,541,7041.36,0,0,0,,,0.0
20260603,2026-06-03,2026-06-01,2026-06-01,3,Meta Ads,Paid Social,1,63485,844,11756.57,0,0,0,,,0.0
20260609,2026-06-09,2026-06-08,2026-06-01,3,Meta Ads,Paid Social,1,50984,667,8278.05,0,0,0,,,0.0
20260614,2026-06-14,2026-06-08,2026-06-01,3,Meta Ads,Paid Social,1,43580,558,7178.35,0,0,0,,,0.0
20260623,2026-06-23,2026-06-22,2026-06-01,3,Meta Ads,Paid Social,1,52667,650,8778.82,0,0,0,,,0.0
20260624,2026-06-24,2026-06-22,2026-06-01,3,Meta Ads,Paid Social,1,30946,388,5731.52,0,0,0,,,0.0
20260113,2026-01-13,2026-01-12,2026-01-01,2,Microsoft Ads,Paid Search,1,696,42,1071.56,0,0,0,,,0.0
20260115,2026-01-15,2026-01-12,2026-01-01,2,Microsoft Ads,Paid Search,1,656,42,1096.86,1,0,0,1096.86,,0.0
20260129,2026-01-29,2026-01-26,2026-01-01,2,Microsoft Ads,Paid Search,1,1641,92,3039.05,0,0,0,,,0.0
20260206,2026-02-06,2026-02-02,2026-02-01,2,Microsoft Ads,Paid Search,1,857,58,1264.88,0,0,0,,,0.0
20260214,2026-02-14,2026-02-09,2026-02-01,2,Microsoft Ads,Paid Search,1,796,58,1464.34,0,0,0,,,0.0
20260216,2026-02-16,2026-02-16,2026-02-01,2,Microsoft Ads,Paid Search,1,0,0,0.0,0,0,0,,,
20260223,2026-02-23,2026-02-23,2026-02-01,2,Microsoft Ads,Paid Search,1,1205,67,2062.3,0,0,0,,,0.0
20260302,2026-03-02,2026-03-02,2026-03-01,2,Microsoft Ads,Paid Search,1,507,25,832.95,0,0,0,,,0.0
20260303,2026-03-03,2026-03-02,2026-03-01,2,Microsoft Ads,Paid Search,1,680,42,1207.05,0,0,0,,,0.0
20260310,2026-03-10,2026-03-09,2026-03-01,2,Microsoft Ads,Paid Search,1,491,25,748.52,0,0,0,,,0.0
20260313,2026-03-13,2026-03-09,2026-03-01,2,Microsoft Ads,Paid Search,1,180,17,259.74,0,0,0,,,0.0
20260317,2026-03-17,2026-03-16,2026-03-01,2,Microsoft Ads,Paid Search,1,818,58,1589.64,0,0,0,,,0.0
20260412,2026-04-12,2026-04-06,2026-04-01,14,Other,Other,0,0,0,0.0,27,15,223100,0.0,0.0,
20260404,2026-04-04,2026-03-30,2026-04-01,14,Other,Other,0,0,0,0.0,42,16,226300,0.0,0.0,
20260310,2026-03-10,2026-03-09,2026-03-01,14,Other,Other,0,0,0,0.0,46,21,299000,0.0,0.0,
20260312,2026-03-12,2026-03-09,2026-03-01,14,Other,Other,0,0,0,0.0,27,11,149000,0.0,0.0,
20260313,2026-03-13,2026-03-09,2026-03-01,14,Other,Other,0,0,0,0.0,28,12,166900,0.0,0.0,
20260316,2026-03-16,2026-03-16,2026-03-01,14,Other,Other,0,0,0,0.0,34,15,199100,0.0,0.0,
20260324,2026-03-24,2026-03-23,2026-03-01,14,Other,Other,0,0,0,0.0,42,16,201000,0.0,0.0,
20260321,2026-03-21,2026-03-16,2026-03-01,14,Other,Other,0,0,0,0.0,19,7,95600,0.0,0.0,
20260208,2026-02-08,2026-02-02,2026-02-01,14,Other,Other,0,0,0,0.0,21,7,95000,0.0,0.0,
20260123,2026-01-23,2026-01-19,2026-01-01,14,Other,Other,0,0,0,0.0,28,10,133300,0.0,0.0,
20260111,2026-01-11,2026-01-05,2026-01-01,14,Other,Other,0,0,0,0.0,21,9,114800,0.0,0.0,
20260117,2026-01-17,2026-01-12,2026-01-01,14,Other,Other,0,0,0,0.0,29,6,87600,0.0,0.0,
20260105,2026-01-05,2026-01-05,2026-01-01,14,Other,Other,0,0,0,0.0,23,9,105800,0.0,0.0,
20260425,2026-04-25,2026-04-20,2026-04-01,14,Other,Other,0,0,0,0.0,31,14,194500,0.0,0.0,
20260427,2026-04-27,2026-04-27,2026-04-01,14,Other,Other,0,0,0,0.0,58,21,284200,0.0,0.0,
20260416,2026-04-16,2026-04-13,2026-04-01,14,Other,Other,0,0,0,0.0,28,7,89900,0.0,0.0,
20260218,2026-02-18,2026-02-16,2026-02-01,14,Other,Other,0,0,0,0.0,41,21,287700,0.0,0.0,
20260210,2026-02-10,2026-02-09,2026-02-01,15,Unknown,Other,0,0,0,0.0,2,1,8000,0.0,0.0,
20260213,2026-02-13,2026-02-09,2026-02-01,15,Unknown,Other,0,0,0,0.0,2,2,24800,0.0,0.0,
20260625,2026-06-25,2026-06-22,2026-06-01,14,Other,Other,0,0,0,0.0,40,10,130400,0.0,0.0,
20260523,2026-05-23,2026-05-18,2026-05-01,14,Other,Other,0,0,0,0.0,25,10,133500,0.0,0.0,
20260430,2026-04-30,2026-04-27,2026-04-01,14,Other,Other,0,0,0,0.0,40,17,239700,0.0,0.0,
20260501,2026-05-01,2026-04-27,2026-05-01,14,Other,Other,0,0,0,0.0,34,8,105500,0.0,0.0,
20260514,2026-05-14,2026-05-11,2026-05-01,14,Other,Other,0,0,0,0.0,46,19,270700,0.0,0.0,
20260505,2026-05-05,2026-05-04,2026-05-01,14,Other,Other,0,0,0,0.0,49,19,247900,0.0,0.0,
20260604,2026-06-04,2026-06-01,2026-06-01,15,Unknown,Other,0,0,0,0.0,1,1,11400,0.0,0.0,
20260410,2026-04-10,2026-04-06,2026-04-01,2,Microsoft Ads,Paid Search,1,365,33,436.59,0,0,0,,,0.0
20260501,2026-05-01,2026-04-27,2026-05-01,2,Microsoft Ads,Paid Search,1,1012,75,1839.73,0,0,0,,,0.0
20260505,2026-05-05,2026-05-04,2026-05-01,2,Microsoft Ads,Paid Search,1,736,42,1252.22,0,0,0,,,0.0
20260507,2026-05-07,2026-05-04,2026-05-01,2,Microsoft Ads,Paid Search,1,716,42,1144.7,0,0,0,,,0.0
20260510,2026-05-10,2026-05-04,2026-05-01,2,Microsoft Ads,Paid Search,1,626,42,1329.66,0,0,0,,,0.0
20260519,2026-05-19,2026-05-18,2026-05-01,2,Microsoft Ads,Paid Search,1,822,58,1429.27,0,0,0,,,0.0
20260520,2026-05-20,2026-05-18,2026-05-01,2,Microsoft Ads,Paid Search,1,1492,75,2957.03,0,0,0,,,0.0
20260526,2026-05-26,2026-05-25,2026-05-01,2,Microsoft Ads,Paid Search,1,333,33,468.11,0,0,0,,,0.0
20260605,2026-06-05,2026-06-01,2026-06-01,2,Microsoft Ads,Paid Search,1,1637,92,3036.04,1,0,0,3036.04,,0.0
20260610,2026-06-10,2026-06-08,2026-06-01,2,Microsoft Ads,Paid Search,1,1131,67,2353.15,0,0,0,,,0.0
20260612,2026-06-12,2026-06-08,2026-06-01,2,Microsoft Ads,Paid Search,1,2110,142,3801.53,0,0,0,,,0.0
20260621,2026-06-21,2026-06-15,2026-06-01,2,Microsoft Ads,Paid Search,1,1598,92,2892.15,0,0,0,,,0.0
20260626,2026-06-26,2026-06-22,2026-06-01,2,Microsoft Ads,Paid Search,1,181,17,264.75,0,0,0,,,0.0
20260118,2026-01-18,2026-01-12,2026-01-01,4,YouTube Ads,Paid Video,1,241988,1000,5230.57,0,0,0,,,0.0
20260119,2026-01-19,2026-01-19,2026-01-01,4,YouTube Ads,Paid Video,1,150583,625,3832.53,0,0,0,,,0.0
20260124,2026-01-24,2026-01-19,2026-01-01,4,YouTube Ads,Paid Video,1,92170,375,2451.27,0,0,0,,,0.0
20260126,2026-01-26,2026-01-26,2026-01-01,4,YouTube Ads,Paid Video,1,294729,1250,7980.64,0,0,0,,,0.0
20260207,2026-02-07,2026-02-02,2026-02-01,4,YouTube Ads,Paid Video,1,182654,750,4531.32,0,0,0,,,0.0
20260213,2026-02-13,2026-02-09,2026-02-01,4,YouTube Ads,Paid Video,1,250675,1000,5824.72,0,0,0,,,0.0
20260223,2026-02-23,2026-02-23,2026-02-01,4,YouTube Ads,Paid Video,1,238269,875,5102.66,0,0,0,,,0.0
20260226,2026-02-26,2026-02-23,2026-02-01,4,YouTube Ads,Paid Video,1,326914,1375,7212.53,0,0,0,,,0.0
20260309,2026-03-09,2026-03-09,2026-03-01,4,YouTube Ads,Paid Video,1,246103,1167,8842.3,0,0,0,,,0.0
20260312,2026-03-12,2026-03-09,2026-03-01,4,YouTube Ads,Paid Video,1,124992,708,5034.18,0,0,0,,,0.0
20260314,2026-03-14,2026-03-09,2026-03-01,4,YouTube Ads,Paid Video,1,180644,1125,10504.33,0,0,0,,,0.0
20260315,2026-03-15,2026-03-09,2026-03-01,4,YouTube Ads,Paid Video,1,186481,1000,8132.96,0,0,0,,,0.0
20260323,2026-03-23,2026-03-23,2026-03-01,4,YouTube Ads,Paid Video,1,90164,542,5134.16,0,0,0,,,0.0
20260401,2026-04-01,2026-03-30,2026-04-01,4,YouTube Ads,Paid Video,1,351465,1500,11057.08,0,0,0,,,0.0
20260403,2026-04-03,2026-03-30,2026-04-01,4,YouTube Ads,Paid Video,1,106513,583,5387.1,0,0,0,,,0.0
20260404,2026-04-04,2026-03-30,2026-04-01,4,YouTube Ads,Paid Video,1,190140,958,7012.49,0,0,0,,,0.0
20260406,2026-04-06,2026-04-06,2026-04-01,4,YouTube Ads,Paid Video,1,140325,708,6026.15,0,0,0,,,0.0
20260413,2026-04-13,2026-04-13,2026-04-01,4,YouTube Ads,Paid Video,1,113196,542,3776.81,0,0,0,,,0.0
20260422,2026-04-22,2026-04-20,2026-04-01,4,YouTube Ads,Paid Video,1,61007,375,4176.0,0,0,0,,,0.0
20260426,2026-04-26,2026-04-20,2026-04-01,4,YouTube Ads,Paid Video,1,339699,1500,11437.41,0,0,0,,,0.0
20260507,2026-05-07,2026-05-04,2026-05-01,4,YouTube Ads,Paid Video,1,182770,833,7032.49,0,0,0,,,0.0
20260526,2026-05-26,2026-05-25,2026-05-01,4,YouTube Ads,Paid Video,1,325382,1458,9919.78,0,0,0,,,0.0
20260622,2026-06-22,2026-06-22,2026-06-01,4,YouTube Ads,Paid Video,1,265946,1125,8444.11,0,0,0,,,0.0
20260624,2026-06-24,2026-06-22,2026-06-01,4,YouTube Ads,Paid Video,1,133851,708,6204.09,0,0,0,,,0.0
20260626,2026-06-26,2026-06-22,2026-06-01,4,YouTube Ads,Paid Video,1,39498,208,1833.2,0,0,0,,,0.0
20260104,2026-01-04,2025-12-29,2026-01-01,1,Google Ads,Paid Search,1,9757,477,29028.37,8,2,23600,3628.55,14514.19,0.813
20260105,2026-01-05,2026-01-05,2026-01-01,1,Google Ads,Paid Search,1,7798,380,26143.53,4,1,14900,6535.88,26143.53,0.5699
20260115,2026-01-15,2026-01-12,2026-01-01,1,Google Ads,Paid Search,1,12408,581,40751.98,13,7,107400,3134.77,5821.71,2.6355
20260122,2026-01-22,2026-01-19,2026-01-01,1,Google Ads,Paid Search,1,12270,546,42920.93,12,4,56300,3576.74,10730.23,1.3117
20260204,2026-02-04,2026-02-02,2026-02-01,1,Google Ads,Paid Search,1,21638,886,53685.31,23,7,102600,2334.14,7669.33,1.9111
20260313,2026-03-13,2026-03-09,2026-03-01,1,Google Ads,Paid Search,1,16821,670,38840.8,14,4,56200,2774.34,9710.2,1.4469
20260314,2026-03-14,2026-03-09,2026-03-01,1,Google Ads,Paid Search,1,22693,823,47534.47,12,7,110800,3961.21,6790.64,2.3309
20260320,2026-03-20,2026-03-16,2026-03-01,1,Google Ads,Paid Search,1,20855,855,55493.55,21,12,167000,2642.55,4624.46,3.0094
20260329,2026-03-29,2026-03-23,2026-03-01,1,Google Ads,Paid Search,1,19297,732,38298.44,12,3,38800,3191.54,12766.15,1.0131
20260407,2026-04-07,2026-04-06,2026-04-01,1,Google Ads,Paid Search,1,26580,971,55613.75,22,8,110800,2527.9,6951.72,1.9923
20260412,2026-04-12,2026-04-06,2026-04-01,1,Google Ads,Paid Search,1,12120,491,32479.64,10,5,60400,3247.96,6495.93,1.8596
20260413,2026-04-13,2026-04-13,2026-04-01,1,Google Ads,Paid Search,1,22163,881,64524.03,18,9,116200,3584.67,7169.34,1.8009
20260418,2026-04-18,2026-04-13,2026-04-01,1,Google Ads,Paid Search,1,18331,685,40374.54,16,6,76900,2523.41,6729.09,1.9047
20260423,2026-04-23,2026-04-20,2026-04-01,1,Google Ads,Paid Search,1,22457,685,39302.48,9,2,21400,4366.94,19651.24,0.5445
20260510,2026-05-10,2026-05-04,2026-05-01,1,Google Ads,Paid Search,1,14004,556,32930.76,16,11,153200,2058.17,2993.71,4.6522
20260515,2026-05-15,2026-05-11,2026-05-01,1,Google Ads,Paid Search,1,16283,630,41369.67,14,4,54800,2954.98,10342.42,1.3246
20260516,2026-05-16,2026-05-11,2026-05-01,1,Google Ads,Paid Search,1,8264,362,15343.59,10,6,84600,1534.36,2557.27,5.5137
20260517,2026-05-17,2026-05-11,2026-05-01,1,Google Ads,Paid Search,1,13767,559,32837.47,10,5,74700,3283.75,6567.49,2.2748
20260518,2026-05-18,2026-05-18,2026-05-01,1,Google Ads,Paid Search,1,26979,1058,68189.07,25,9,113800,2727.56,7576.56,1.6689
20260528,2026-05-28,2026-05-25,2026-05-01,1,Google Ads,Paid Search,1,18101,709,44241.68,13,6,75800,3403.21,7373.61,1.7133
20260605,2026-06-05,2026-06-01,2026-06-01,1,Google Ads,Paid Search,1,29650,1184,79823.1,29,14,181900,2752.52,5701.65,2.2788
20260606,2026-06-06,2026-06-01,2026-06-01,1,Google Ads,Paid Search,1,28200,1046,70037.16,18,5,70300,3890.95,14007.43,1.0038
20260608,2026-06-08,2026-06-08,2026-06-01,1,Google Ads,Paid Search,1,22622,923,55290.69,15,7,92000,3686.05,7898.67,1.6639
20260610,2026-06-10,2026-06-08,2026-06-01,1,Google Ads,Paid Search,1,18864,766,45935.87,12,4,63600,3827.99,11483.97,1.3845
20260626,2026-06-26,2026-06-22,2026-06-01,1,Google Ads,Paid Search,1,33179,1198,72455.07,35,12,158800,2070.14,6037.92,2.1917
20260102,2026-01-02,2025-12-29,2026-01-01,3,Meta Ads,Paid Social,1,40658,403,5010.84,0,0,0,,,0.0
20260104,2026-01-04,2025-12-29,2026-01-01,3,Meta Ads,Paid Social,1,87157,733,7576.52,0,0,0,,,0.0
20260110,2026-01-10,2026-01-05,2026-01-01,3,Meta Ads,Paid Social,1,83176,653,6657.61,0,0,0,,,0.0
20260123,2026-01-23,2026-01-19,2026-01-01,3,Meta Ads,Paid Social,1,101100,814,7562.12,0,0,0,,,0.0
20260128,2026-01-28,2026-01-26,2026-01-01,3,Meta Ads,Paid Social,1,40755,540,5612.3,0,0,0,,,0.0
20260131,2026-01-31,2026-01-26,2026-01-01,3,Meta Ads,Paid Social,1,24047,283,2289.99,0,0,0,,,0.0
20260213,2026-02-13,2026-02-09,2026-02-01,3,Meta Ads,Paid Social,1,57835,636,7183.64,0,0,0,,,0.0
20260223,2026-02-23,2026-02-23,2026-02-01,3,Meta Ads,Paid Social,1,35875,484,6494.84,0,0,0,,,0.0
20260305,2026-03-05,2026-03-02,2026-03-01,3,Meta Ads,Paid Social,1,72191,658,6686.94,0,0,0,,,0.0
20260323,2026-03-23,2026-03-23,2026-03-01,3,Meta Ads,Paid Social,1,84068,931,12856.68,0,0,0,,,0.0
20260510,2026-05-10,2026-05-04,2026-05-01,3,Meta Ads,Paid Social,1,41554,587,8433.41,0,0,0,,,0.0
20260527,2026-05-27,2026-05-25,2026-05-01,3,Meta Ads,Paid Social,1,54524,736,9106.48,0,0,0,,,0.0
20260530,2026-05-30,2026-05-25,2026-05-01,3,Meta Ads,Paid Social,1,21287,291,3815.14,0,0,0,,,0.0
20260601,2026-06-01,2026-06-01,2026-06-01,3,Meta Ads,Paid Social,1,41589,558,7842.82,0,0,0,,,0.0
20260616,2026-06-16,2026-06-15,2026-06-01,3,Meta Ads,Paid Social,1,44436,553,8971.49,0,0,0,,,0.0
20260625,2026-06-25,2026-06-22,2026-06-01,3,Meta Ads,Paid Social,1,43922,576,8400.94,0,0,0,,,0.0
20260628,2026-06-28,2026-06-22,2026-06-01,3,Meta Ads,Paid Social,1,29102,370,5205.91,0,0,0,,,0.0
20260111,2026-01-11,2026-01-05,2026-01-01,2,Microsoft Ads,Paid Search,1,2349,150,4441.58,0,0,0,,,0.0
20260118,2026-01-18,2026-01-12,2026-01-01,2,Microsoft Ads,Paid Search,1,1794,92,3983.4,0,0,0,,,0.0
20260121,2026-01-21,2026-01-19,2026-01-01,2,Microsoft Ads,Paid Search,1,949,50,1979.68,0,0,0,,,0.0
20260125,2026-01-25,2026-01-19,2026-01-01,2,Microsoft Ads,Paid Search,1,513,25,815.9,0,0,0,,,0.0
20260205,2026-02-05,2026-02-02,2026-02-01,2,Microsoft Ads,Paid Search,1,1071,50,1844.6,0,0,0,,,0.0
20260211,2026-02-11,2026-02-09,2026-02-01,2,Microsoft Ads,Paid Search,1,1564,100,2663.47,0,0,0,,,0.0
20260217,2026-02-17,2026-02-16,2026-02-01,2,Microsoft Ads,Paid Search,1,163,17,225.19,0,0,0,,,0.0
20260218,2026-02-18,2026-02-16,2026-02-01,2,Microsoft Ads,Paid Search,1,1219,83,2150.37,0,0,0,,,0.0
20260220,2026-02-20,2026-02-16,2026-02-01,2,Microsoft Ads,Paid Search,1,1642,92,2461.61,0,0,0,,,0.0
20260226,2026-02-26,2026-02-23,2026-02-01,2,Microsoft Ads,Paid Search,1,807,58,1363.63,0,0,0,,,0.0
20260305,2026-03-05,2026-03-02,2026-03-01,2,Microsoft Ads,Paid Search,1,2277,133,4480.73,0,0,0,,,0.0
20260406,2026-04-06,2026-04-06,2026-04-01,14,Other,Other,0,0,0,0.0,42,17,227500,0.0,0.0,
20260408,2026-04-08,2026-04-06,2026-04-01,14,Other,Other,0,0,0,0.0,29,16,225600,0.0,0.0,
20260410,2026-04-10,2026-04-06,2026-04-01,14,Other,Other,0,0,0,0.0,42,17,230500,0.0,0.0,
20260307,2026-03-07,2026-03-02,2026-03-01,14,Other,Other,0,0,0,0.0,32,13,178200,0.0,0.0,
20260308,2026-03-08,2026-03-02,2026-03-01,14,Other,Other,0,0,0,0.0,20,9,133100,0.0,0.0,
20260330,2026-03-30,2026-03-30,2026-03-01,14,Other,Other,0,0,0,0.0,39,16,220900,0.0,0.0,
20260129,2026-01-29,2026-01-26,2026-01-01,14,Other,Other,0,0,0,0.0,41,18,231600,0.0,0.0,
20260205,2026-02-05,2026-02-02,2026-02-01,14,Other,Other,0,0,0,0.0,46,17,222900,0.0,0.0,
20260122,2026-01-22,2026-01-19,2026-01-01,14,Other,Other,0,0,0,0.0,31,13,179900,0.0,0.0,
20260109,2026-01-09,2026-01-05,2026-01-01,14,Other,Other,0,0,0,0.0,35,9,131200,0.0,0.0,
20260102,2026-01-02,2025-12-29,2026-01-01,14,Other,Other,0,0,0,0.0,21,7,109200,0.0,0.0,
20260106,2026-01-06,2026-01-05,2026-01-01,14,Other,Other,0,0,0,0.0,24,13,176400,0.0,0.0,
20260421,2026-04-21,2026-04-20,2026-04-01,14,Other,Other,0,0,0,0.0,48,18,228600,0.0,0.0,
20260415,2026-04-15,2026-04-13,2026-04-01,14,Other,Other,0,0,0,0.0,28,8,101900,0.0,0.0,
20260225,2026-02-25,2026-02-23,2026-02-01,14,Other,Other,0,0,0,0.0,35,11,163400,0.0,0.0,
20260212,2026-02-12,2026-02-09,2026-02-01,14,Other,Other,0,0,0,0.0,35,16,220900,0.0,0.0,
20260213,2026-02-13,2026-02-09,2026-02-01,14,Other,Other,0,0,0,0.0,44,18,224700,0.0,0.0,
20260214,2026-02-14,2026-02-09,2026-02-01,14,Other,Other,0,0,0,0.0,25,6,77700,0.0,0.0,
20260606,2026-06-06,2026-06-01,2026-06-01,14,Other,Other,0,0,0,0.0,40,14,204100,0.0,0.0,
20260611,2026-06-11,2026-06-08,2026-06-01,14,Other,Other,0,0,0,0.0,48,19,246400,0.0,0.0,
20260626,2026-06-26,2026-06-22,2026-06-01,14,Other,Other,0,0,0,0.0,55,16,241900,0.0,0.0,
20260611,2026-06-11,2026-06-08,2026-06-01,15,Unknown,Other,0,0,0,0.0,1,1,15800,0.0,0.0,
20260525,2026-05-25,2026-05-25,2026-05-01,14,Other,Other,0,0,0,0.0,37,13,174700,0.0,0.0,
20260612,2026-06-12,2026-06-08,2026-06-01,15,Unknown,Other,0,0,0,0.0,2,2,24700,0.0,0.0,
20260511,2026-05-11,2026-05-11,2026-05-01,14,Other,Other,0,0,0,0.0,39,18,228300,0.0,0.0,
20260528,2026-05-28,2026-05-25,2026-05-01,14,Other,Other,0,0,0,0.0,51,22,292800,0.0,0.0,
20260502,2026-05-02,2026-04-27,2026-05-01,15,Unknown,Other,0,0,0,0.0,1,1,14600,0.0,0.0,
20260514,2026-05-14,2026-05-11,2026-05-01,15,Unknown,Other,0,0,0,0.0,1,1,14900,0.0,0.0,
20260504,2026-05-04,2026-05-04,2026-05-01,14,Other,Other,0,0,0,0.0,49,21,279800,0.0,0.0,
20260603,2026-06-03,2026-06-01,2026-06-01,15,Unknown,Other,0,0,0,0.0,1,0,0,0.0,,
20260628,2026-06-28,2026-06-22,2026-06-01,14,Other,Other,0,0,0,0.0,36,8,106300,0.0,0.0,
20260408,2026-04-08,2026-04-06,2026-04-01,2,Microsoft Ads,Paid Search,1,501,25,876.1,0,0,0,,,0.0
20260409,2026-04-09,2026-04-06,2026-04-01,2,Microsoft Ads,Paid Search,1,1186,67,2361.76,0,0,0,,,0.0
20260411,2026-04-11,2026-04-06,2026-04-01,2,Microsoft Ads,Paid Search,1,700,42,1213.89,0,0,0,,,0.0
20260506,2026-05-06,2026-05-04,2026-05-01,2,Microsoft Ads,Paid Search,1,0,0,0.0,0,0,0,,,
20260508,2026-05-08,2026-05-04,2026-05-01,2,Microsoft Ads,Paid Search,1,648,42,1148.27,0,0,0,,,0.0
20260513,2026-05-13,2026-05-11,2026-05-01,2,Microsoft Ads,Paid Search,1,1718,133,3179.4,0,0,0,,,0.0
20260531,2026-05-31,2026-05-25,2026-05-01,2,Microsoft Ads,Paid Search,1,1027,50,1788.75,0,0,0,,,0.0
20260607,2026-06-07,2026-06-01,2026-06-01,2,Microsoft Ads,Paid Search,1,991,100,1570.96,0,0,0,,,0.0
20260615,2026-06-15,2026-06-15,2026-06-01,2,Microsoft Ads,Paid Search,1,839,58,1750.85,0,0,0,,,0.0
20260617,2026-06-17,2026-06-15,2026-06-01,2,Microsoft Ads,Paid Search,1,0,0,0.0,0,0,0,,,
20260618,2026-06-18,2026-06-15,2026-06-01,2,Microsoft Ads,Paid Search,1,1498,100,2483.8,0,0,0,,,0.0
20260620,2026-06-20,2026-06-15,2026-06-01,2,Microsoft Ads,Paid Search,1,519,25,833.7,0,0,0,,,0.0
20260624,2026-06-24,2026-06-22,2026-06-01,2,Microsoft Ads,Paid Search,1,1192,67,2144.65,0,0,0,,,0.0
20260131,2026-01-31,2026-01-26,2026-01-01,4,YouTube Ads,Paid Video,1,435764,1750,11488.71,0,0,0,,,0.0
20260215,2026-02-15,2026-02-09,2026-02-01,4,YouTube Ads,Paid Video,1,294896,1125,7334.58,0,0,0,,,0.0
20260218,2026-02-18,2026-02-16,2026-02-01,4,YouTube Ads,Paid Video,1,62871,250,1500.46,0,0,0,,,0.0
20260225,2026-02-25,2026-02-23,2026-02-01,4,YouTube Ads,Paid Video,1,270398,1125,6209.11,0,0,0,,,0.0
20260228,2026-02-28,2026-02-23,2026-02-01,4,YouTube Ads,Paid Video,1,215103,875,5468.67,0,0,0,,,0.0
20260308,2026-03-08,2026-03-02,2026-03-01,4,YouTube Ads,Paid Video,1,177327,1042,10836.53,0,0,0,,,0.0
20260322,2026-03-22,2026-03-16,2026-03-01,4,YouTube Ads,Paid Video,1,264611,1250,7642.56,0,0,0,,,0.0
20260327,2026-03-27,2026-03-23,2026-03-01,4,YouTube Ads,Paid Video,1,263998,1208,8084.85,0,0,0,,,0.0
20260405,2026-04-05,2026-03-30,2026-04-01,4,YouTube Ads,Paid Video,1,408269,1667,9582.17,0,0,0,,,0.0
20260410,2026-04-10,2026-04-06,2026-04-01,4,YouTube Ads,Paid Video,1,186685,792,6224.87,0,0,0,,,0.0
20260419,2026-04-19,2026-04-13,2026-04-01,4,YouTube Ads,Paid Video,1,201432,1167,9706.46,0,0,0,,,0.0
20260429,2026-04-29,2026-04-27,2026-04-01,4,YouTube Ads,Paid Video,1,192470,958,7179.67,0,0,0,,,0.0
20260430,2026-04-30,2026-04-27,2026-04-01,4,YouTube Ads,Paid Video,1,314585,1458,10662.44,0,0,0,,,0.0
20260504,2026-05-04,2026-05-04,2026-05-01,4,YouTube Ads,Paid Video,1,370986,1792,13672.84,0,0,0,,,0.0
20260518,2026-05-18,2026-05-18,2026-05-01,4,YouTube Ads,Paid Video,1,225786,1125,9869.07,0,0,0,,,0.0
20260524,2026-05-24,2026-05-18,2026-05-01,4,YouTube Ads,Paid Video,1,334318,1583,13676.67,0,0,0,,,0.0
20260610,2026-06-10,2026-06-08,2026-06-01,4,YouTube Ads,Paid Video,1,276219,1500,14348.39,0,0,0,,,0.0
20260629,2026-06-29,2026-06-29,2026-06-01,4,YouTube Ads,Paid Video,1,33032,125,718.78,0,0,0,,,0.0
20260110,2026-01-10,2026-01-05,2026-01-01,1,Google Ads,Paid Search,1,10187,483,27806.55,13,4,50900,2138.97,6951.64,1.8305
20260113,2026-01-13,2026-01-12,2026-01-01,1,Google Ads,Paid Search,1,8010,378,26231.39,11,6,75200,2384.67,4371.9,2.8668
20260129,2026-01-29,2026-01-26,2026-01-01,1,Google Ads,Paid Search,1,13713,604,39015.06,17,4,48700,2295.0,9753.77,1.2482
20260203,2026-02-03,2026-02-02,2026-02-01,1,Google Ads,Paid Search,1,10569,455,27516.66,7,2,25600,3930.95,13758.33,0.9303
20260208,2026-02-08,2026-02-02,2026-02-01,1,Google Ads,Paid Search,1,12048,536,32173.25,14,6,74400,2298.09,5362.21,2.3125
20260210,2026-02-10,2026-02-09,2026-02-01,1,Google Ads,Paid Search,1,15571,595,39068.96,11,5,60100,3551.72,7813.79,1.5383
20260211,2026-02-11,2026-02-09,2026-02-01,1,Google Ads,Paid Search,1,16019,705,40554.63,20,9,132600,2027.73,4506.07,3.2697
20260221,2026-02-21,2026-02-16,2026-02-01,1,Google Ads,Paid Search,1,24546,982,67756.5,23,11,141500,2945.93,6159.68,2.0884
20260222,2026-02-22,2026-02-16,2026-02-01,1,Google Ads,Paid Search,1,10213,503,29272.9,10,4,62900,2927.29,7318.23,2.1487
20260223,2026-02-23,2026-02-23,2026-02-01,1,Google Ads,Paid Search,1,21057,900,57595.91,20,10,128100,2879.8,5759.59,2.2241
20260226,2026-02-26,2026-02-23,2026-02-01,1,Google Ads,Paid Search,1,18439,747,48914.49,18,7,89900,2717.47,6987.78,1.8379
20260227,2026-02-27,2026-02-23,2026-02-01,1,Google Ads,Paid Search,1,21642,861,59356.73,16,10,149100,3709.8,5935.67,2.5119
20260303,2026-03-03,2026-03-02,2026-03-01,1,Google Ads,Paid Search,1,12774,543,36673.87,10,7,91200,3667.39,5239.12,2.4868
20260305,2026-03-05,2026-03-02,2026-03-01,1,Google Ads,Paid Search,1,21446,847,47212.62,20,9,133300,2360.63,5245.85,2.8234
20260309,2026-03-09,2026-03-09,2026-03-01,1,Google Ads,Paid Search,1,20884,795,53752.93,20,6,69000,2687.65,8958.82,1.2837
20260317,2026-03-17,2026-03-16,2026-03-01,1,Google Ads,Paid Search,1,16076,664,47958.94,18,8,108100,2664.39,5994.87,2.254
20260318,2026-03-18,2026-03-16,2026-03-01,1,Google Ads,Paid Search,1,13874,591,36426.98,9,4,49900,4047.44,9106.75,1.3699
20260416,2026-04-16,2026-04-13,2026-04-01,1,Google Ads,Paid Search,1,20346,794,50561.16,14,3,39000,3611.51,16853.72,0.7713
20260421,2026-04-21,2026-04-20,2026-04-01,1,Google Ads,Paid Search,1,20678,854,59382.51,21,8,110600,2827.74,7422.81,1.8625
20260502,2026-05-02,2026-04-27,2026-05-01,1,Google Ads,Paid Search,1,17360,686,40183.41,11,3,54400,3653.04,13394.47,1.3538
20260503,2026-05-03,2026-04-27,2026-05-01,1,Google Ads,Paid Search,1,12257,574,33471.73,7,4,56100,4781.68,8367.93,1.676
20260504,2026-05-04,2026-05-04,2026-05-01,1,Google Ads,Paid Search,1,26600,1037,64032.42,22,9,142400,2910.56,7114.71,2.2239
20260506,2026-05-06,2026-05-04,2026-05-01,1,Google Ads,Paid Search,1,33430,1200,83732.38,35,14,202700,2392.35,5980.88,2.4208
20260519,2026-05-19,2026-05-18,2026-05-01,1,Google Ads,Paid Search,1,22330,991,61452.23,23,9,134500,2671.84,6828.03,2.1887
20260523,2026-05-23,2026-05-18,2026-05-01,1,Google Ads,Paid Search,1,19982,778,47521.34,12,4,60300,3960.11,11880.34,1.2689
20260529,2026-05-29,2026-05-25,2026-05-01,1,Google Ads,Paid Search,1,27205,1046,57207.22,25,11,161400,2288.29,5200.66,2.8213
20260607,2026-06-07,2026-06-01,2026-06-01,1,Google Ads,Paid Search,1,19832,767,43353.89,16,3,42700,2709.62,14451.3,0.9849
20260612,2026-06-12,2026-06-08,2026-06-01,1,Google Ads,Paid Search,1,27923,1174,78443.23,36,17,261900,2178.98,4614.31,3.3387
20260614,2026-06-14,2026-06-08,2026-06-01,1,Google Ads,Paid Search,1,17642,783,62972.69,14,5,68100,4498.05,12594.54,1.0814
20260623,2026-06-23,2026-06-22,2026-06-01,1,Google Ads,Paid Search,1,11504,440,23095.62,12,1,13600,1924.64,23095.62,0.5889
20260627,2026-06-27,2026-06-22,2026-06-01,1,Google Ads,Paid Search,1,15419,629,33130.2,19,7,102700,1743.69,4732.89,3.0999
20260103,2026-01-03,2025-12-29,2026-01-01,3,Meta Ads,Paid Social,1,110840,937,11377.48,0,0,0,,,0.0
20260115,2026-01-15,2026-01-12,2026-01-01,3,Meta Ads,Paid Social,1,60804,450,4961.81,0,0,0,,,0.0
20260116,2026-01-16,2026-01-12,2026-01-01,3,Meta Ads,Paid Social,1,72715,533,4806.57,0,0,0,,,0.0
20260126,2026-01-26,2026-01-26,2026-01-01,3,Meta Ads,Paid Social,1,48213,586,6624.4,0,0,0,,,0.0
20260205,2026-02-05,2026-02-02,2026-02-01,3,Meta Ads,Paid Social,1,44480,477,5456.1,0,0,0,,,0.0
20260220,2026-02-20,2026-02-16,2026-02-01,3,Meta Ads,Paid Social,1,26939,291,4702.14,0,0,0,,,0.0
20260221,2026-02-21,2026-02-16,2026-02-01,3,Meta Ads,Paid Social,1,71642,578,5705.41,0,0,0,,,0.0
20260224,2026-02-24,2026-02-23,2026-02-01,3,Meta Ads,Paid Social,1,86612,867,11214.2,0,0,0,,,0.0
20260226,2026-02-26,2026-02-23,2026-02-01,3,Meta Ads,Paid Social,1,120492,1028,11867.54,0,0,0,,,0.0
20260310,2026-03-10,2026-03-09,2026-03-01,3,Meta Ads,Paid Social,1,46763,470,6519.27,0,0,0,,,0.0
20260314,2026-03-14,2026-03-09,2026-03-01,3,Meta Ads,Paid Social,1,57196,607,9266.98,0,0,0,,,0.0
20260319,2026-03-19,2026-03-16,2026-03-01,3,Meta Ads,Paid Social,1,66700,563,6064.45,0,0,0,,,0.0
20260326,2026-03-26,2026-03-23,2026-03-01,3,Meta Ads,Paid Social,1,61875,636,8530.48,0,0,0,,,0.0
20260328,2026-03-28,2026-03-23,2026-03-01,3,Meta Ads,Paid Social,1,86417,919,10682.18,0,0,0,,,0.0
20260404,2026-04-04,2026-03-30,2026-04-01,3,Meta Ads,Paid Social,1,112270,1011,10530.68,0,0,0,,,0.0
20260408,2026-04-08,2026-04-06,2026-04-01,3,Meta Ads,Paid Social,1,38538,491,6741.69,0,0,0,,,0.0
20260413,2026-04-13,2026-04-13,2026-04-01,3,Meta Ads,Paid Social,1,31637,388,5572.62,0,0,0,,,0.0
20260414,2026-04-14,2026-04-13,2026-04-01,3,Meta Ads,Paid Social,1,46361,588,8276.6,0,0,0,,,0.0
20260505,2026-05-05,2026-05-04,2026-05-01,3,Meta Ads,Paid Social,1,38565,513,6489.4,0,0,0,,,0.0
20260507,2026-05-07,2026-05-04,2026-05-01,3,Meta Ads,Paid Social,1,39690,514,7135.15,0,0,0,,,0.0
20260512,2026-05-12,2026-05-11,2026-05-01,3,Meta Ads,Paid Social,1,30807,427,5751.27,0,0,0,,,0.0
20260516,2026-05-16,2026-05-11,2026-05-01,3,Meta Ads,Paid Social,1,41168,553,7133.68,0,0,0,,,0.0
20260517,2026-05-17,2026-05-11,2026-05-01,3,Meta Ads,Paid Social,1,33367,428,5854.83,0,0,0,,,0.0
20260519,2026-05-19,2026-05-18,2026-05-01,3,Meta Ads,Paid Social,1,50592,582,10058.16,0,0,0,,,0.0
20260604,2026-06-04,2026-06-01,2026-06-01,3,Meta Ads,Paid Social,1,57495,666,9083.28,0,0,0,,,0.0
20260610,2026-06-10,2026-06-08,2026-06-01,3,Meta Ads,Paid Social,1,34724,485,6469.85,0,0,0,,,0.0
20260116,2026-01-16,2026-01-12,2026-01-01,2,Microsoft Ads,Paid Search,1,1051,50,2103.17,0,0,0,,,0.0
20260117,2026-01-17,2026-01-12,2026-01-01,2,Microsoft Ads,Paid Search,1,922,50,2246.06,0,0,0,,,0.0
20260120,2026-01-20,2026-01-19,2026-01-01,2,Microsoft Ads,Paid Search,1,610,67,1065.41,0,0,0,,,0.0
20260210,2026-02-10,2026-02-09,2026-02-01,2,Microsoft Ads,Paid Search,1,705,42,988.99,0,0,0,,,0.0
20260222,2026-02-22,2026-02-16,2026-02-01,2,Microsoft Ads,Paid Search,1,354,33,474.09,0,0,0,,,0.0
20260311,2026-03-11,2026-03-09,2026-03-01,2,Microsoft Ads,Paid Search,1,1040,50,1813.77,0,0,0,,,0.0
20260324,2026-03-24,2026-03-23,2026-03-01,2,Microsoft Ads,Paid Search,1,1359,83,2655.22,0,0,0,,,0.0
20260402,2026-04-02,2026-03-30,2026-04-01,14,Other,Other,0,0,0,0.0,61,24,336600,0.0,0.0,
20260405,2026-04-05,2026-03-30,2026-04-01,14,Other,Other,0,0,0,0.0,29,14,183500,0.0,0.0,
20260306,2026-03-06,2026-03-02,2026-03-01,14,Other,Other,0,0,0,0.0,42,16,227000,0.0,0.0,
20260315,2026-03-15,2026-03-09,2026-03-01,14,Other,Other,0,0,0,0.0,22,6,72300,0.0,0.0,
20260227,2026-02-27,2026-02-23,2026-02-01,14,Other,Other,0,0,0,0.0,37,14,197700,0.0,0.0,
20260322,2026-03-22,2026-03-16,2026-03-01,14,Other,Other,0,0,0,0.0,25,6,74400,0.0,0.0,
20260323,2026-03-23,2026-03-23,2026-03-01,15,Unknown,Other,0,0,0,0.0,1,1,13200,0.0,0.0,
20260325,2026-03-25,2026-03-23,2026-03-01,14,Other,Other,0,0,0,0.0,36,13,174100,0.0,0.0,
20260327,2026-03-27,2026-03-23,2026-03-01,14,Other,Other,0,0,0,0.0,49,22,299600,0.0,0.0,
20260331,2026-03-31,2026-03-30,2026-03-01,15,Unknown,Other,0,0,0,0.0,1,1,13500,0.0,0.0,
20260319,2026-03-19,2026-03-16,2026-03-01,14,Other,Other,0,0,0,0.0,44,13,179900,0.0,0.0,
20260209,2026-02-09,2026-02-09,2026-02-01,14,Other,Other,0,0,0,0.0,34,17,232100,0.0,0.0,
20260108,2026-01-08,2026-01-05,2026-01-01,14,Other,Other,0,0,0,0.0,21,7,91800,0.0,0.0,
20260110,2026-01-10,2026-01-05,2026-01-01,14,Other,Other,0,0,0,0.0,20,6,91200,0.0,0.0,
20260114,2026-01-14,2026-01-12,2026-01-01,14,Other,Other,0,0,0,0.0,39,16,236800,0.0,0.0,
20260118,2026-01-18,2026-01-12,2026-01-01,15,Unknown,Other,0,0,0,0.0,1,1,11200,0.0,0.0,
20260103,2026-01-03,2025-12-29,2026-01-01,14,Other,Other,0,0,0,0.0,24,7,94400,0.0,0.0,
20260107,2026-01-07,2026-01-05,2026-01-01,14,Other,Other,0,0,0,0.0,36,16,229600,0.0,0.0,
20260422,2026-04-22,2026-04-20,2026-04-01,14,Other,Other,0,0,0,0.0,38,13,168300,0.0,0.0,
20260217,2026-02-17,2026-02-16,2026-02-01,14,Other,Other,0,0,0,0.0,21,9,142200,0.0,0.0,
20260226,2026-02-26,2026-02-23,2026-02-01,14,Other,Other,0,0,0,0.0,35,16,249000,0.0,0.0,
20260210,2026-02-10,2026-02-09,2026-02-01,14,Other,Other,0,0,0,0.0,34,12,151000,0.0,0.0,
20260624,2026-06-24,2026-06-22,2026-06-01,14,Other,Other,0,0,0,0.0,36,11,162900,0.0,0.0,
20260610,2026-06-10,2026-06-08,2026-06-01,14,Other,Other,0,0,0,0.0,30,8,103300,0.0,0.0,
20260526,2026-05-26,2026-05-25,2026-05-01,14,Other,Other,0,0,0,0.0,35,9,107900,0.0,0.0,
20260615,2026-06-15,2026-06-15,2026-06-01,14,Other,Other,0,0,0,0.0,28,9,111200,0.0,0.0,
20260512,2026-05-12,2026-05-11,2026-05-01,14,Other,Other,0,0,0,0.0,31,13,167500,0.0,0.0,
20260620,2026-06-20,2026-06-15,2026-06-01,14,Other,Other,0,0,0,0.0,26,11,168200,0.0,0.0,
20260519,2026-05-19,2026-05-18,2026-05-01,14,Other,Other,0,0,0,0.0,48,13,194700,0.0,0.0,
20260414,2026-04-14,2026-04-13,2026-04-01,2,Microsoft Ads,Paid Search,1,173,17,338.28,0,0,0,,,0.0
20260418,2026-04-18,2026-04-13,2026-04-01,2,Microsoft Ads,Paid Search,1,1224,67,2288.26,0,0,0,,,0.0
20260420,2026-04-20,2026-04-20,2026-04-01,2,Microsoft Ads,Paid Search,1,820,58,1406.55,0,0,0,,,0.0
20260504,2026-05-04,2026-05-04,2026-05-01,2,Microsoft Ads,Paid Search,1,1317,67,2075.65,0,0,0,,,0.0
20260522,2026-05-22,2026-05-18,2026-05-01,2,Microsoft Ads,Paid Search,1,1543,100,2287.14,0,0,0,,,0.0
20260623,2026-06-23,2026-06-22,2026-06-01,2,Microsoft Ads,Paid Search,1,1219,67,2111.24,0,0,0,,,0.0
20260625,2026-06-25,2026-06-22,2026-06-01,2,Microsoft Ads,Paid Search,1,1714,92,3147.01,0,0,0,,,0.0
20260117,2026-01-17,2026-01-12,2026-01-01,4,YouTube Ads,Paid Video,1,129347,500,2621.76,0,0,0,,,0.0
20260128,2026-01-28,2026-01-26,2026-01-01,4,YouTube Ads,Paid Video,1,150603,625,3681.55,0,0,0,,,0.0
20260206,2026-02-06,2026-02-02,2026-02-01,4,YouTube Ads,Paid Video,1,205600,875,5621.55,0,0,0,,,0.0
20260219,2026-02-19,2026-02-16,2026-02-01,4,YouTube Ads,Paid Video,1,335037,1375,8020.64,0,0,0,,,0.0
20260221,2026-02-21,2026-02-16,2026-02-01,4,YouTube Ads,Paid Video,1,260456,1125,7532.89,0,0,0,,,0.0
20260313,2026-03-13,2026-03-09,2026-03-01,4,YouTube Ads,Paid Video,1,249143,1125,8545.37,0,0,0,,,0.0
20260409,2026-04-09,2026-04-06,2026-04-01,4,YouTube Ads,Paid Video,1,308474,1583,12631.68,0,0,0,,,0.0
20260427,2026-04-27,2026-04-27,2026-04-01,4,YouTube Ads,Paid Video,1,162631,833,6629.42,0,0,0,,,0.0
20260428,2026-04-28,2026-04-27,2026-04-01,4,YouTube Ads,Paid Video,1,123037,750,7222.38,0,0,0,,,0.0
20260511,2026-05-11,2026-05-11,2026-05-01,4,YouTube Ads,Paid Video,1,132986,583,3872.66,0,0,0,,,0.0
20260514,2026-05-14,2026-05-11,2026-05-01,4,YouTube Ads,Paid Video,1,191187,875,5734.99,0,0,0,,,0.0
20260515,2026-05-15,2026-05-11,2026-05-01,4,YouTube Ads,Paid Video,1,272933,1083,7769.43,0,0,0,,,0.0
20260519,2026-05-19,2026-05-18,2026-05-01,4,YouTube Ads,Paid Video,1,170515,792,5500.07,0,0,0,,,0.0
20260521,2026-05-21,2026-05-18,2026-05-01,4,YouTube Ads,Paid Video,1,137234,708,4890.35,0,0,0,,,0.0
20260605,2026-06-05,2026-06-01,2026-06-01,4,YouTube Ads,Paid Video,1,181775,792,5383.78,0,0,0,,,0.0
20260607,2026-06-07,2026-06-01,2026-06-01,4,YouTube Ads,Paid Video,1,237947,1333,10220.13,0,0,0,,,0.0
20260101,2026-01-01,2025-12-29,2026-01-01,1,Google Ads,Paid Search,1,11585,534,38260.01,14,7,95500,2732.86,5465.72,2.4961
20260108,2026-01-08,2026-01-05,2026-01-01,1,Google Ads,Paid Search,1,16530,773,53350.53,21,10,157600,2540.5,5335.05,2.954
20260124,2026-01-24,2026-01-19,2026-01-01,1,Google Ads,Paid Search,1,8471,441,28145.73,12,5,70000,2345.48,5629.15,2.4871
20260207,2026-02-07,2026-02-02,2026-02-01,1,Google Ads,Paid Search,1,9350,443,24594.47,10,7,100200,2459.45,3513.5,4.0741
20260216,2026-02-16,2026-02-16,2026-02-01,1,Google Ads,Paid Search,1,12823,564,38918.91,11,6,79400,3538.08,6486.49,2.0401
20260219,2026-02-19,2026-02-16,2026-02-01,1,Google Ads,Paid Search,1,20968,909,64198.17,17,10,136500,3776.36,6419.82,2.1262
20260310,2026-03-10,2026-03-09,2026-03-01,1,Google Ads,Paid Search,1,18710,627,38038.04,19,11,147100,2002.0,3458.0,3.8672
20260321,2026-03-21,2026-03-16,2026-03-01,1,Google Ads,Paid Search,1,17861,732,42334.87,13,6,77600,3256.53,7055.81,1.833
20260327,2026-03-27,2026-03-23,2026-03-01,1,Google Ads,Paid Search,1,18309,696,49068.85,15,3,36100,3271.26,16356.28,0.7357
20260404,2026-04-04,2026-03-30,2026-04-01,1,Google Ads,Paid Search,1,18436,761,43682.25,20,5,80600,2184.11,8736.45,1.8451
20260410,2026-04-10,2026-04-06,2026-04-01,1,Google Ads,Paid Search,1,18453,821,52453.7,17,5,70000,3085.51,10490.74,1.3345
20260415,2026-04-15,2026-04-13,2026-04-01,1,Google Ads,Paid Search,1,19026,735,41417.63,19,9,137600,2179.88,4601.96,3.3223
20260422,2026-04-22,2026-04-20,2026-04-01,1,Google Ads,Paid Search,1,21819,992,62775.65,22,9,135200,2853.44,6975.07,2.1537
20260424,2026-04-24,2026-04-20,2026-04-01,1,Google Ads,Paid Search,1,17767,600,37118.88,13,8,120000,2855.3,4639.86,3.2329
20260427,2026-04-27,2026-04-27,2026-04-01,1,Google Ads,Paid Search,1,24786,1042,73037.34,24,6,89900,3043.22,12172.89,1.2309
20260505,2026-05-05,2026-05-04,2026-05-01,1,Google Ads,Paid Search,1,22248,918,52235.87,27,8,113800,1934.66,6529.48,2.1786
20260521,2026-05-21,2026-05-18,2026-05-01,1,Google Ads,Paid Search,1,23011,909,54624.58,21,12,159500,2601.17,4552.05,2.9199
20260522,2026-05-22,2026-05-18,2026-05-01,1,Google Ads,Paid Search,1,14226,599,35127.07,14,8,115200,2509.08,4390.88,3.2795
20260524,2026-05-24,2026-05-18,2026-05-01,1,Google Ads,Paid Search,1,16579,579,34887.03,8,3,35800,4360.88,11629.01,1.0262
20260527,2026-05-27,2026-05-25,2026-05-01,1,Google Ads,Paid Search,1,22800,912,59036.01,22,7,90900,2683.46,8433.72,1.5397
20260621,2026-06-21,2026-06-15,2026-06-01,1,Google Ads,Paid Search,1,12334,464,28264.08,11,7,103300,2569.46,4037.73,3.6548
20260622,2026-06-22,2026-06-22,2026-06-01,1,Google Ads,Paid Search,1,13184,523,32913.11,14,5,79700,2350.94,6582.62,2.4215
20260107,2026-01-07,2026-01-05,2026-01-01,3,Meta Ads,Paid Social,1,72527,650,7551.2,0,0,0,,,0.0
20260112,2026-01-12,2026-01-12,2026-01-01,3,Meta Ads,Paid Social,1,48525,447,4833.72,0,0,0,,,0.0
20260113,2026-01-13,2026-01-12,2026-01-01,3,Meta Ads,Paid Social,1,63025,490,4693.21,0,0,0,,,0.0
20260114,2026-01-14,2026-01-12,2026-01-01,3,Meta Ads,Paid Social,1,67901,530,5298.17,0,0,0,,,0.0
20260201,2026-02-01,2026-01-26,2026-02-01,3,Meta Ads,Paid Social,1,53732,464,5884.54,0,0,0,,,0.0
20260202,2026-02-02,2026-02-02,2026-02-01,3,Meta Ads,Paid Social,1,38114,426,4767.31,0,0,0,,,0.0
20260204,2026-02-04,2026-02-02,2026-02-01,3,Meta Ads,Paid Social,1,29785,394,4788.83,0,0,0,,,0.0
20260208,2026-02-08,2026-02-02,2026-02-01,3,Meta Ads,Paid Social,1,59890,647,6957.99,0,0,0,,,0.0
20260209,2026-02-09,2026-02-09,2026-02-01,3,Meta Ads,Paid Social,1,50795,649,7448.09,0,0,0,,,0.0
20260216,2026-02-16,2026-02-16,2026-02-01,3,Meta Ads,Paid Social,1,79969,852,9728.6,0,0,0,,,0.0
20260303,2026-03-03,2026-03-02,2026-03-01,3,Meta Ads,Paid Social,1,65721,681,7826.1,0,0,0,,,0.0
20260308,2026-03-08,2026-03-02,2026-03-01,3,Meta Ads,Paid Social,1,24487,302,4219.55,0,0,0,,,0.0
20260309,2026-03-09,2026-03-09,2026-03-01,3,Meta Ads,Paid Social,1,45766,436,6522.05,0,0,0,,,0.0
20260321,2026-03-21,2026-03-16,2026-03-01,3,Meta Ads,Paid Social,1,118060,910,8899.15,0,0,0,,,0.0
20260322,2026-03-22,2026-03-16,2026-03-01,3,Meta Ads,Paid Social,1,56203,613,7393.52,0,0,0,,,0.0
20260324,2026-03-24,2026-03-23,2026-03-01,3,Meta Ads,Paid Social,1,115474,1027,10475.45,0,0,0,,,0.0
20260418,2026-04-18,2026-04-13,2026-04-01,3,Meta Ads,Paid Social,1,36314,514,6925.58,0,0,0,,,0.0
20260419,2026-04-19,2026-04-13,2026-04-01,3,Meta Ads,Paid Social,1,27215,365,4322.77,0,0,0,,,0.0
20260423,2026-04-23,2026-04-20,2026-04-01,3,Meta Ads,Paid Social,1,37429,433,5908.85,0,0,0,,,0.0
20260424,2026-04-24,2026-04-20,2026-04-01,3,Meta Ads,Paid Social,1,50254,616,8048.93,0,0,0,,,0.0
20260427,2026-04-27,2026-04-27,2026-04-01,3,Meta Ads,Paid Social,1,59803,763,12529.68,0,0,0,,,0.0
20260501,2026-05-01,2026-04-27,2026-05-01,3,Meta Ads,Paid Social,1,48454,627,9228.8,0,0,0,,,0.0
20260504,2026-05-04,2026-05-04,2026-05-01,3,Meta Ads,Paid Social,1,35645,450,6279.79,0,0,0,,,0.0
20260508,2026-05-08,2026-05-04,2026-05-01,3,Meta Ads,Paid Social,1,26270,359,4303.46,0,0,0,,,0.0
20260514,2026-05-14,2026-05-11,2026-05-01,3,Meta Ads,Paid Social,1,47884,610,8664.89,0,0,0,,,0.0
20260523,2026-05-23,2026-05-18,2026-05-01,3,Meta Ads,Paid Social,1,57640,684,10093.38,0,0,0,,,0.0
20260525,2026-05-25,2026-05-25,2026-05-01,3,Meta Ads,Paid Social,1,60302,782,9897.11,0,0,0,,,0.0
20260526,2026-05-26,2026-05-25,2026-05-01,3,Meta Ads,Paid Social,1,44670,576,7851.33,0,0,0,,,0.0
20260608,2026-06-08,2026-06-08,2026-06-01,3,Meta Ads,Paid Social,1,43367,593,8425.0,0,0,0,,,0.0
20260611,2026-06-11,2026-06-08,2026-06-01,3,Meta Ads,Paid Social,1,50231,685,8133.94,0,0,0,,,0.0
20260613,2026-06-13,2026-06-08,2026-06-01,3,Meta Ads,Paid Social,1,48981,564,8420.99,0,0,0,,,0.0
20260617,2026-06-17,2026-06-15,2026-06-01,3,Meta Ads,Paid Social,1,44707,576,8120.7,0,0,0,,,0.0
20260620,2026-06-20,2026-06-15,2026-06-01,3,Meta Ads,Paid Social,1,48789,559,8112.71,0,0,0,,,0.0
20260201,2026-02-01,2026-01-26,2026-02-01,2,Microsoft Ads,Paid Search,1,462,25,944.55,0,0,0,,,0.0
20260207,2026-02-07,2026-02-02,2026-02-01,2,Microsoft Ads,Paid Search,1,1227,67,2060.7,0,0,0,,,0.0
20260209,2026-02-09,2026-02-09,2026-02-01,2,Microsoft Ads,Paid Search,1,309,33,459.38,0,0,0,,,0.0
20260219,2026-02-19,2026-02-16,2026-02-01,2,Microsoft Ads,Paid Search,1,1276,67,1984.03,0,0,0,,,0.0
20260221,2026-02-21,2026-02-16,2026-02-01,2,Microsoft Ads,Paid Search,1,169,17,251.06,0,0,0,,,0.0
20260326,2026-03-26,2026-03-23,2026-03-01,2,Microsoft Ads,Paid Search,1,661,42,1134.11,0,0,0,,,0.0
20260328,2026-03-28,2026-03-23,2026-03-01,2,Microsoft Ads,Paid Search,1,3582,217,6652.97,0,0,0,,,0.0
20260304,2026-03-04,2026-03-02,2026-03-01,14,Other,Other,0,0,0,0.0,30,11,147800,0.0,0.0,
20260131,2026-01-31,2026-01-26,2026-01-01,15,Unknown,Other,0,0,0,0.0,2,0,0,0.0,,
20260201,2026-02-01,2026-01-26,2026-02-01,14,Other,Other,0,0,0,0.0,20,7,93500,0.0,0.0,
20260202,2026-02-02,2026-02-02,2026-02-01,14,Other,Other,0,0,0,0.0,29,11,143400,0.0,0.0,
20260207,2026-02-07,2026-02-02,2026-02-01,14,Other,Other,0,0,0,0.0,19,10,128900,0.0,0.0,
20260124,2026-01-24,2026-01-19,2026-01-01,14,Other,Other,0,0,0,0.0,21,9,124300,0.0,0.0,
20260118,2026-01-18,2026-01-12,2026-01-01,14,Other,Other,0,0,0,0.0,12,2,28300,0.0,0.0,
20260120,2026-01-20,2026-01-19,2026-01-01,14,Other,Other,0,0,0,0.0,23,10,133200,0.0,0.0,
20260101,2026-01-01,2025-12-29,2026-01-01,14,Other,Other,0,0,0,0.0,37,9,121300,0.0,0.0,
20260102,2026-01-02,2025-12-29,2026-01-01,2,Microsoft Ads,Paid Search,1,0,0,0.0,1,0,0,0.0,,
20260106,2026-01-06,2026-01-05,2026-01-01,15,Unknown,Other,0,0,0,0.0,1,1,12500,0.0,0.0,
20260418,2026-04-18,2026-04-13,2026-04-01,15,Unknown,Other,0,0,0,0.0,1,1,11000,0.0,0.0,
20260418,2026-04-18,2026-04-13,2026-04-01,14,Other,Other,0,0,0,0.0,40,19,263300,0.0,0.0,
20260420,2026-04-20,2026-04-20,2026-04-01,14,Other,Other,0,0,0,0.0,27,12,145200,0.0,0.0,
20260423,2026-04-23,2026-04-20,2026-04-01,14,Other,Other,0,0,0,0.0,33,16,222900,0.0,0.0,
20260429,2026-04-29,2026-04-27,2026-04-01,14,Other,Other,0,0,0,0.0,54,19,245300,0.0,0.0,
20260417,2026-04-17,2026-04-13,2026-04-01,14,Other,Other,0,0,0,0.0,30,6,87300,0.0,0.0,
20260222,2026-02-22,2026-02-16,2026-02-01,14,Other,Other,0,0,0,0.0,23,8,104200,0.0,0.0,
20260223,2026-02-23,2026-02-23,2026-02-01,14,Other,Other,0,0,0,0.0,36,11,154900,0.0,0.0,
20260224,2026-02-24,2026-02-23,2026-02-01,14,Other,Other,0,0,0,0.0,32,8,108100,0.0,0.0,
20260211,2026-02-11,2026-02-09,2026-02-01,15,Unknown,Other,0,0,0,0.0,1,1,10100,0.0,0.0,
20260509,2026-05-09,2026-05-04,2026-05-01,14,Other,Other,0,0,0,0.0,29,12,160000,0.0,0.0,
20260623,2026-06-23,2026-06-22,2026-06-01,14,Other,Other,0,0,0,0.0,39,15,192700,0.0,0.0,
20260522,2026-05-22,2026-05-18,2026-05-01,14,Other,Other,0,0,0,0.0,40,11,144500,0.0,0.0,
20260512,2026-05-12,2026-05-11,2026-05-01,15,Unknown,Other,0,0,0,0.0,1,1,12900,0.0,0.0,
20260529,2026-05-29,2026-05-25,2026-05-01,15,Unknown,Other,0,0,0,0.0,1,1,10600,0.0,0.0,
20260601,2026-06-01,2026-06-01,2026-06-01,14,Other,Other,0,0,0,0.0,34,8,114800,0.0,0.0,
20260621,2026-06-21,2026-06-15,2026-06-01,14,Other,Other,0,0,0,0.0,31,13,190600,0.0,0.0,
20260629,2026-06-29,2026-06-29,2026-06-01,14,Other,Other,0,0,0,0.0,52,23,310600,0.0,0.0,
20260404,2026-04-04,2026-03-30,2026-04-01,2,Microsoft Ads,Paid Search,1,1465,100,2431.62,1,1,13400,2431.62,2431.62,5.5107
20260412,2026-04-12,2026-04-06,2026-04-01,2,Microsoft Ads,Paid Search,1,982,75,1771.77,0,0,0,,,0.0
20260416,2026-04-16,2026-04-13,2026-04-01,2,Microsoft Ads,Paid Search,1,1286,67,2054.2,0,0,0,,,0.0
20260422,2026-04-22,2026-04-20,2026-04-01,2,Microsoft Ads,Paid Search,1,817,58,1476.73,0,0,0,,,0.0
20260428,2026-04-28,2026-04-27,2026-04-01,2,Microsoft Ads,Paid Search,1,862,58,1558.99,0,0,0,,,0.0
20260525,2026-05-25,2026-05-25,2026-05-01,2,Microsoft Ads,Paid Search,1,485,25,814.04,0,0,0,,,0.0
20260528,2026-05-28,2026-05-25,2026-05-01,2,Microsoft Ads,Paid Search,1,1802,108,3597.44,0,0,0,,,0.0
20260529,2026-05-29,2026-05-25,2026-05-01,2,Microsoft Ads,Paid Search,1,1187,67,2224.78,0,0,0,,,0.0
20260606,2026-06-06,2026-06-01,2026-06-01,2,Microsoft Ads,Paid Search,1,1191,117,1826.64,0,0,0,,,0.0
20260609,2026-06-09,2026-06-08,2026-06-01,2,Microsoft Ads,Paid Search,1,1317,83,2784.43,0,0,0,,,0.0
20260611,2026-06-11,2026-06-08,2026-06-01,2,Microsoft Ads,Paid Search,1,1246,67,2048.97,0,0,0,,,0.0
20260619,2026-06-19,2026-06-15,2026-06-01,2,Microsoft Ads,Paid Search,1,168,17,292.8,0,0,0,,,0.0
20260628,2026-06-28,2026-06-22,2026-06-01,2,Microsoft Ads,Paid Search,1,171,17,249.18,0,0,0,,,0.0
20260629,2026-06-29,2026-06-29,2026-06-01,2,Microsoft Ads,Paid Search,1,187,17,287.94,0,0,0,,,0.0
20260122,2026-01-22,2026-01-19,2026-01-01,4,YouTube Ads,Paid Video,1,240405,1000,5132.34,0,0,0,,,0.0
20260209,2026-02-09,2026-02-09,2026-02-01,4,YouTube Ads,Paid Video,1,206096,875,5271.09,0,0,0,,,0.0
20260212,2026-02-12,2026-02-09,2026-02-01,4,YouTube Ads,Paid Video,1,397929,1500,8917.23,0,0,0,,,0.0
20260220,2026-02-20,2026-02-16,2026-02-01,4,YouTube Ads,Paid Video,1,327887,1250,7854.9,0,0,0,,,0.0
20260222,2026-02-22,2026-02-16,2026-02-01,4,YouTube Ads,Paid Video,1,275751,1125,7719.51,0,0,0,,,0.0
20260301,2026-03-01,2026-02-23,2026-03-01,4,YouTube Ads,Paid Video,1,471902,1750,9634.15,0,0,0,,,0.0
20260306,2026-03-06,2026-03-02,2026-03-01,4,YouTube Ads,Paid Video,1,153156,750,5966.63,0,0,0,,,0.0
20260307,2026-03-07,2026-03-02,2026-03-01,4,YouTube Ads,Paid Video,1,157972,792,7332.04,0,0,0,,,0.0
20260311,2026-03-11,2026-03-09,2026-03-01,4,YouTube Ads,Paid Video,1,245293,1083,7290.19,0,0,0,,,0.0
20260318,2026-03-18,2026-03-16,2026-03-01,4,YouTube Ads,Paid Video,1,235635,1083,8842.4,0,0,0,,,0.0
20260411,2026-04-11,2026-04-06,2026-04-01,4,YouTube Ads,Paid Video,1,270007,1417,11854.62,0,0,0,,,0.0
20260505,2026-05-05,2026-05-04,2026-05-01,4,YouTube Ads,Paid Video,1,208684,1042,7185.29,0,0,0,,,0.0
20260520,2026-05-20,2026-05-18,2026-05-01,4,YouTube Ads,Paid Video,1,288354,1250,7917.54,0,0,0,,,0.0
20260529,2026-05-29,2026-05-25,2026-05-01,4,YouTube Ads,Paid Video,1,218051,958,5815.95,0,0,0,,,0.0
20260602,2026-06-02,2026-06-01,2026-06-01,4,YouTube Ads,Paid Video,1,207874,1042,7564.25,0,0,0,,,0.0
20260612,2026-06-12,2026-06-08,2026-06-01,4,YouTube Ads,Paid Video,1,150523,667,4217.33,0,0,0,,,0.0
20260613,2026-06-13,2026-06-08,2026-06-01,4,YouTube Ads,Paid Video,1,105229,458,3045.23,0,0,0,,,0.0
20260616,2026-06-16,2026-06-15,2026-06-01,4,YouTube Ads,Paid Video,1,313453,1417,10581.66,0,0,0,,,0.0
20260617,2026-06-17,2026-06-15,2026-06-01,4,YouTube Ads,Paid Video,1,149684,750,5061.15,0,0,0,,,0.0
20260623,2026-06-23,2026-06-22,2026-06-01,4,YouTube Ads,Paid Video,1,111236,542,4202.45,0,0,0,,,0.0
20260627,2026-06-27,2026-06-22,2026-06-01,4,YouTube Ads,Paid Video,1,147477,625,3520.3,0,0,0,,,0.0
20260103,2026-01-03,2025-12-29,2026-01-01,1,Google Ads,Paid Search,1,8486,389,26607.85,7,4,57200,3801.12,6651.96,2.1497
20260112,2026-01-12,2026-01-12,2026-01-01,1,Google Ads,Paid Search,1,6939,346,21268.17,11,5,62200,1933.47,4253.63,2.9246
20260116,2026-01-16,2026-01-12,2026-01-01,1,Google Ads,Paid Search,1,9070,452,29007.54,13,5,64600,2231.35,5801.51,2.227
20260117,2026-01-17,2026-01-12,2026-01-01,1,Google Ads,Paid Search,1,7906,350,23378.41,8,2,26300,2922.3,11689.21,1.125
20260121,2026-01-21,2026-01-19,2026-01-01,1,Google Ads,Paid Search,1,15684,722,52644.94,17,9,122700,3096.76,5849.44,2.3307
20260201,2026-02-01,2026-01-26,2026-02-01,1,Google Ads,Paid Search,1,11685,497,29369.48,9,5,62800,3263.28,5873.9,2.1383
20260212,2026-02-12,2026-02-09,2026-02-01,1,Google Ads,Paid Search,1,17734,695,41232.69,15,9,126300,2748.85,4581.41,3.0631
20260217,2026-02-17,2026-02-16,2026-02-01,1,Google Ads,Paid Search,1,18202,800,50704.59,25,12,156100,2028.18,4225.38,3.0786
20260220,2026-02-20,2026-02-16,2026-02-01,1,Google Ads,Paid Search,1,11386,453,32083.46,10,6,84300,3208.35,5347.24,2.6275
20260228,2026-02-28,2026-02-23,2026-02-01,1,Google Ads,Paid Search,1,13983,644,40636.77,16,3,39700,2539.8,13545.59,0.9769
20260308,2026-03-08,2026-03-02,2026-03-01,1,Google Ads,Paid Search,1,12360,559,37799.04,8,2,25100,4724.88,18899.52,0.664
20260311,2026-03-11,2026-03-09,2026-03-01,1,Google Ads,Paid Search,1,24226,930,50229.85,21,7,98900,2391.9,7175.69,1.9689
20260312,2026-03-12,2026-03-09,2026-03-01,1,Google Ads,Paid Search,1,18900,752,46982.84,14,8,113800,3355.92,5872.86,2.4222
20260325,2026-03-25,2026-03-23,2026-03-01,1,Google Ads,Paid Search,1,15605,617,37274.39,13,6,89400,2867.26,6212.4,2.3984
20260406,2026-04-06,2026-04-06,2026-04-01,1,Google Ads,Paid Search,1,22652,922,57163.91,26,7,97000,2198.61,8166.27,1.6969
20260408,2026-04-08,2026-04-06,2026-04-01,1,Google Ads,Paid Search,1,22089,880,60454.31,21,7,94700,2878.78,8636.33,1.5665
20260414,2026-04-14,2026-04-13,2026-04-01,1,Google Ads,Paid Search,1,14953,619,42548.65,18,9,122000,2363.81,4727.63,2.8673
20260417,2026-04-17,2026-04-13,2026-04-01,1,Google Ads,Paid Search,1,16494,551,30269.63,12,5,69200,2522.47,6053.93,2.2861
20260420,2026-04-20,2026-04-20,2026-04-01,1,Google Ads,Paid Search,1,13335,550,36916.87,10,5,77200,3691.69,7383.37,2.0912
20260426,2026-04-26,2026-04-20,2026-04-01,1,Google Ads,Paid Search,1,16706,677,45410.85,11,2,24600,4128.26,22705.43,0.5417
20260508,2026-05-08,2026-05-04,2026-05-01,1,Google Ads,Paid Search,1,14840,537,30481.56,14,4,48700,2177.25,7620.39,1.5977
20260513,2026-05-13,2026-05-11,2026-05-01,1,Google Ads,Paid Search,1,22015,912,60169.12,23,10,154000,2616.05,6016.91,2.5595
20260618,2026-06-18,2026-06-15,2026-06-01,1,Google Ads,Paid Search,1,20818,817,48897.17,24,9,137300,2037.38,5433.02,2.8079
20260127,2026-01-27,2026-01-26,2026-01-01,3,Meta Ads,Paid Social,1,84308,687,6903.06,0,0,0,,,0.0
20260207,2026-02-07,2026-02-02,2026-02-01,3,Meta Ads,Paid Social,1,72411,673,7465.7,0,0,0,,,0.0
20260214,2026-02-14,2026-02-09,2026-02-01,3,Meta Ads,Paid Social,1,31394,357,3658.26,0,0,0,,,0.0
20260215,2026-02-15,2026-02-09,2026-02-01,3,Meta Ads,Paid Social,1,46972,522,6144.62,0,0,0,,,0.0
20260217,2026-02-17,2026-02-16,2026-02-01,3,Meta Ads,Paid Social,1,79379,701,8212.53,0,0,0,,,0.0
20260219,2026-02-19,2026-02-16,2026-02-01,3,Meta Ads,Paid Social,1,58080,607,7641.59,0,0,0,,,0.0
20260227,2026-02-27,2026-02-23,2026-02-01,3,Meta Ads,Paid Social,1,78080,723,8391.79,0,0,0,,,0.0
20260306,2026-03-06,2026-03-02,2026-03-01,3,Meta Ads,Paid Social,1,56841,653,7348.55,0,0,0,,,0.0
20260325,2026-03-25,2026-03-23,2026-03-01,3,Meta Ads,Paid Social,1,41747,488,6501.95,0,0,0,,,0.0
20260330,2026-03-30,2026-03-30,2026-03-01,3,Meta Ads,Paid Social,1,68361,750,9912.87,0,0,0,,,0.0
20260405,2026-04-05,2026-03-30,2026-04-01,3,Meta Ads,Paid Social,1,78159,770,7491.34,0,0,0,,,0.0
20260513,2026-05-13,2026-05-11,2026-05-01,3,Meta Ads,Paid Social,1,42257,473,6478.15,0,0,0,,,0.0
20260522,2026-05-22,2026-05-18,2026-05-01,3,Meta Ads,Paid Social,1,34444,450,6156.48,0,0,0,,,0.0
20260531,2026-05-31,2026-05-25,2026-05-01,3,Meta Ads,Paid Social,1,69005,849,12111.87,0,0,0,,,0.0
20260605,2026-06-05,2026-06-01,2026-06-01,3,Meta Ads,Paid Social,1,60546,672,10399.33,0,0,0,,,0.0
20260607,2026-06-07,2026-06-01,2026-06-01,3,Meta Ads,Paid Social,1,20716,268,3589.44,0,0,0,,,0.0
20260618,2026-06-18,2026-06-15,2026-06-01,3,Meta Ads,Paid Social,1,45935,518,7648.58,0,0,0,,,0.0
20260112,2026-01-12,2026-01-12,2026-01-01,2,Microsoft Ads,Paid Search,1,0,0,0.0,0,0,0,,,
20260122,2026-01-22,2026-01-19,2026-01-01,2,Microsoft Ads,Paid Search,1,1384,83,2611.13,0,0,0,,,0.0
20260127,2026-01-27,2026-01-26,2026-01-01,2,Microsoft Ads,Paid Search,1,0,0,0.0,0,0,0,,,
20260204,2026-02-04,2026-02-02,2026-02-01,2,Microsoft Ads,Paid Search,1,1139,67,2136.73,0,0,0,,,0.0
20260224,2026-02-24,2026-02-23,2026-02-01,2,Microsoft Ads,Paid Search,1,3409,167,5482.1,0,0,0,,,0.0
20260227,2026-02-27,2026-02-23,2026-02-01,2,Microsoft Ads,Paid Search,1,530,50,670.9,0,0,0,,,0.0
20260228,2026-02-28,2026-02-23,2026-02-01,2,Microsoft Ads,Paid Search,1,2136,117,4426.8,0,0,0,,,0.0
20260307,2026-03-07,2026-03-02,2026-03-01,2,Microsoft Ads,Paid Search,1,489,25,861.2,0,0,0,,,0.0
20260315,2026-03-15,2026-03-09,2026-03-01,2,Microsoft Ads,Paid Search,1,1439,83,2330.1,0,0,0,,,0.0
20260316,2026-03-16,2026-03-16,2026-03-01,2,Microsoft Ads,Paid Search,1,1725,92,3320.92,0,0,0,,,0.0
20260323,2026-03-23,2026-03-23,2026-03-01,2,Microsoft Ads,Paid Search,1,0,0,0.0,0,0,0,,,
20260325,2026-03-25,2026-03-23,2026-03-01,2,Microsoft Ads,Paid Search,1,453,25,881.2,0,0,0,,,0.0
20260301,2026-03-01,2026-02-23,2026-03-01,14,Other,Other,0,0,0,0.0,25,7,92500,0.0,0.0,
20260303,2026-03-03,2026-03-02,2026-03-01,14,Other,Other,0,0,0,0.0,42,14,189700,0.0,0.0,
20260328,2026-03-28,2026-03-23,2026-03-01,14,Other,Other,0,0,0,0.0,21,5,59400,0.0,0.0,
20260401,2026-04-01,2026-03-30,2026-04-01,15,Unknown,Other,0,0,0,0.0,1,1,12100,0.0,0.0,
20260317,2026-03-17,2026-03-16,2026-03-01,14,Other,Other,0,0,0,0.0,37,14,195900,0.0,0.0,
20260128,2026-01-28,2026-01-26,2026-01-01,14,Other,Other,0,0,0,0.0,30,10,128000,0.0,0.0,
20260203,2026-02-03,2026-02-02,2026-02-01,14,Other,Other,0,0,0,0.0,32,9,124500,0.0,0.0,
20260126,2026-01-26,2026-01-26,2026-01-01,14,Other,Other,0,0,0,0.0,36,13,183600,0.0,0.0,
20260112,2026-01-12,2026-01-12,2026-01-01,14,Other,Other,0,0,0,0.0,44,16,203600,0.0,0.0,
20260121,2026-01-21,2026-01-19,2026-01-01,14,Other,Other,0,0,0,0.0,23,4,55000,0.0,0.0,
20260104,2026-01-04,2025-12-29,2026-01-01,14,Other,Other,0,0,0,0.0,17,10,129400,0.0,0.0,
20260426,2026-04-26,2026-04-20,2026-04-01,14,Other,Other,0,0,0,0.0,26,11,143900,0.0,0.0,
20260414,2026-04-14,2026-04-13,2026-04-01,14,Other,Other,0,0,0,0.0,55,19,259600,0.0,0.0,
20260220,2026-02-20,2026-02-16,2026-02-01,14,Other,Other,0,0,0,0.0,37,15,202700,0.0,0.0,
20260521,2026-05-21,2026-05-18,2026-05-01,14,Other,Other,0,0,0,0.0,49,21,272700,0.0,0.0,
20260524,2026-05-24,2026-05-18,2026-05-01,14,Other,Other,0,0,0,0.0,22,8,102000,0.0,0.0,
20260627,2026-06-27,2026-06-22,2026-06-01,14,Other,Other,0,0,0,0.0,34,10,132800,0.0,0.0,
20260613,2026-06-13,2026-06-08,2026-06-01,14,Other,Other,0,0,0,0.0,23,9,128600,0.0,0.0,
20260504,2026-05-04,2026-05-04,2026-05-01,15,Unknown,Other,0,0,0,0.0,1,1,12300,0.0,0.0,
20260618,2026-06-18,2026-06-15,2026-06-01,14,Other,Other,0,0,0,0.0,39,13,172200,0.0,0.0,
20260518,2026-05-18,2026-05-18,2026-05-01,14,Other,Other,0,0,0,0.0,48,17,221500,0.0,0.0,
20260519,2026-05-19,2026-05-18,2026-05-01,15,Unknown,Other,0,0,0,0.0,1,0,0,0.0,,
20260331,2026-03-31,2026-03-30,2026-03-01,2,Microsoft Ads,Paid Search,1,2252,133,4655.23,0,0,0,,,0.0
20260405,2026-04-05,2026-03-30,2026-04-01,2,Microsoft Ads,Paid Search,1,288,33,458.79,0,0,0,,,0.0
20260406,2026-04-06,2026-04-06,2026-04-01,2,Microsoft Ads,Paid Search,1,1857,108,3117.4,0,0,0,,,0.0
20260421,2026-04-21,2026-04-20,2026-04-01,2,Microsoft Ads,Paid Search,1,1081,67,2215.22,0,0,0,,,0.0
20260425,2026-04-25,2026-04-20,2026-04-01,2,Microsoft Ads,Paid Search,1,315,33,489.03,0,0,0,,,0.0
20260429,2026-04-29,2026-04-27,2026-04-01,2,Microsoft Ads,Paid Search,1,0,0,0.0,0,0,0,,,
20260601,2026-06-01,2026-06-01,2026-06-01,2,Microsoft Ads,Paid Search,1,178,17,268.48,0,0,0,,,0.0
20260608,2026-06-08,2026-06-08,2026-06-01,2,Microsoft Ads,Paid Search,1,1115,67,2175.94,0,0,0,,,0.0
20260622,2026-06-22,2026-06-22,2026-06-01,2,Microsoft Ads,Paid Search,1,514,25,931.59,0,0,0,,,0.0
20260116,2026-01-16,2026-01-12,2026-01-01,4,YouTube Ads,Paid Video,1,154460,625,3675.96,0,0,0,,,0.0
20260123,2026-01-23,2026-01-19,2026-01-01,4,YouTube Ads,Paid Video,1,163963,625,4055.03,0,0,0,,,0.0
20260129,2026-01-29,2026-01-26,2026-01-01,4,YouTube Ads,Paid Video,1,216409,875,5498.48,0,0,0,,,0.0
20260202,2026-02-02,2026-02-02,2026-02-01,4,YouTube Ads,Paid Video,1,311888,1125,6119.67,0,0,0,,,0.0
20260203,2026-02-03,2026-02-02,2026-02-01,4,YouTube Ads,Paid Video,1,270827,1125,7250.78,0,0,0,,,0.0
20260216,2026-02-16,2026-02-16,2026-02-01,4,YouTube Ads,Paid Video,1,222928,875,5240.46,0,0,0,,,0.0
20260224,2026-02-24,2026-02-23,2026-02-01,4,YouTube Ads,Paid Video,1,91161,375,2863.69,0,0,0,,,0.0
20260304,2026-03-04,2026-03-02,2026-03-01,4,YouTube Ads,Paid Video,1,226330,1292,10912.18,0,0,0,,,0.0
20260305,2026-03-05,2026-03-02,2026-03-01,4,YouTube Ads,Paid Video,1,248833,1042,7601.62,0,0,0,,,0.0
20260321,2026-03-21,2026-03-16,2026-03-01,4,YouTube Ads,Paid Video,1,209153,1083,9318.33,0,0,0,,,0.0
20260324,2026-03-24,2026-03-23,2026-03-01,4,YouTube Ads,Paid Video,1,148227,792,7270.02,0,0,0,,,0.0
20260330,2026-03-30,2026-03-30,2026-03-01,4,YouTube Ads,Paid Video,1,326096,1375,9284.96,0,0,0,,,0.0
20260415,2026-04-15,2026-04-13,2026-04-01,4,YouTube Ads,Paid Video,1,106715,583,5428.18,0,0,0,,,0.0
20260503,2026-05-03,2026-04-27,2026-05-01,4,YouTube Ads,Paid Video,1,147686,667,4659.02,0,0,0,,,0.0
20260509,2026-05-09,2026-05-04,2026-05-01,4,YouTube Ads,Paid Video,1,394627,1750,14147.45,0,0,0,,,0.0
20260525,2026-05-25,2026-05-25,2026-05-01,4,YouTube Ads,Paid Video,1,201350,875,6610.57,0,0,0,,,0.0
20260604,2026-06-04,2026-06-01,2026-06-01,4,YouTube Ads,Paid Video,1,218441,1250,11519.93,0,0,0,,,0.0
20260606,2026-06-06,2026-06-01,2026-06-01,4,YouTube Ads,Paid Video,1,374385,1750,13714.42,0,0,0,,,0.0
20260614,2026-06-14,2026-06-08,2026-06-01,4,YouTube Ads,Paid Video,1,256518,1250,11384.72,0,0,0,,,0.0
20260618,2026-06-18,2026-06-15,2026-06-01,4,YouTube Ads,Paid Video,1,180560,917,8253.83,0,0,0,,,0.0
20260621,2026-06-21,2026-06-15,2026-06-01,4,YouTube Ads,Paid Video,1,284905,1292,11048.42,0,0,0,,,0.0
20260109,2026-01-09,2026-01-05,2026-01-01,1,Google Ads,Paid Search,1,9980,448,29776.52,12,5,64500,2481.38,5955.3,2.1661
20260114,2026-01-14,2026-01-12,2026-01-01,1,Google Ads,Paid Search,1,16075,723,53859.1,16,8,109200,3366.19,6732.39,2.0275
20260118,2026-01-18,2026-01-12,2026-01-01,1,Google Ads,Paid Search,1,9876,459,28640.85,8,2,29000,3580.11,14320.43,1.0125
20260126,2026-01-26,2026-01-26,2026-01-01,1,Google Ads,Paid Search,1,10272,521,31481.58,14,6,77700,2248.68,5246.93,2.4681
20260205,2026-02-05,2026-02-02,2026-02-01,1,Google Ads,Paid Search,1,15543,717,45073.08,20,6,75000,2253.65,7512.18,1.664
20260215,2026-02-15,2026-02-09,2026-02-01,1,Google Ads,Paid Search,1,13857,603,41632.1,11,5,58300,3784.74,8326.42,1.4004
20260322,2026-03-22,2026-03-16,2026-03-01,1,Google Ads,Paid Search,1,14043,543,33028.08,11,3,46100,3002.55,11009.36,1.3958
20260328,2026-03-28,2026-03-23,2026-03-01,1,Google Ads,Paid Search,1,23023,921,61960.93,21,7,92100,2950.52,8851.56,1.4864
20260402,2026-04-02,2026-03-30,2026-04-01,1,Google Ads,Paid Search,1,39527,1407,82244.96,33,13,190400,2492.27,6326.54,2.315
20260403,2026-04-03,2026-03-30,2026-04-01,1,Google Ads,Paid Search,1,24431,991,60644.1,20,6,77000,3032.21,10107.35,1.2697
20260409,2026-04-09,2026-04-06,2026-04-01,1,Google Ads,Paid Search,1,23093,882,54349.48,19,10,152800,2860.5,5434.95,2.8114
20260419,2026-04-19,2026-04-13,2026-04-01,1,Google Ads,Paid Search,1,19700,749,42726.23,14,4,55100,3051.87,10681.56,1.2896
20260428,2026-04-28,2026-04-27,2026-04-01,1,Google Ads,Paid Search,1,20984,839,51830.72,17,7,96500,3048.87,7404.39,1.8618
20260430,2026-04-30,2026-04-27,2026-04-01,1,Google Ads,Paid Search,1,19973,820,55352.62,15,8,119600,3690.17,6919.08,2.1607
20260520,2026-05-20,2026-05-18,2026-05-01,1,Google Ads,Paid Search,1,23544,944,61234.07,22,9,122400,2783.37,6803.79,1.9989
20260601,2026-06-01,2026-06-01,2026-06-01,1,Google Ads,Paid Search,1,15750,568,35221.5,11,4,47600,3201.95,8805.38,1.3514
20260602,2026-06-02,2026-06-01,2026-06-01,1,Google Ads,Paid Search,1,23763,876,53802.21,15,1,11000,3586.81,53802.21,0.2045
20260105,2026-01-05,2026-01-05,2026-01-01,3,Meta Ads,Paid Social,1,72060,610,6742.5,0,0,0,,,0.0
20260108,2026-01-08,2026-01-05,2026-01-01,3,Meta Ads,Paid Social,1,58868,527,6244.41,0,0,0,,,0.0
20260111,2026-01-11,2026-01-05,2026-01-01,3,Meta Ads,Paid Social,1,87012,693,7379.36,0,0,0,,,0.0
20260120,2026-01-20,2026-01-19,2026-01-01,3,Meta Ads,Paid Social,1,30661,323,3768.25,0,0,0,,,0.0
20260122,2026-01-22,2026-01-19,2026-01-01,3,Meta Ads,Paid Social,1,65989,681,8519.33,0,0,0,,,0.0
20260125,2026-01-25,2026-01-19,2026-01-01,3,Meta Ads,Paid Social,1,60470,541,4970.2,0,0,0,,,0.0
20260203,2026-02-03,2026-02-02,2026-02-01,3,Meta Ads,Paid Social,1,41339,523,5904.35,0,0,0,,,0.0
20260218,2026-02-18,2026-02-16,2026-02-01,3,Meta Ads,Paid Social,1,94429,795,7921.63,0,0,0,,,0.0
20260222,2026-02-22,2026-02-16,2026-02-01,3,Meta Ads,Paid Social,1,63634,605,7793.57,0,0,0,,,0.0
20260225,2026-02-25,2026-02-23,2026-02-01,3,Meta Ads,Paid Social,1,43162,332,3510.03,0,0,0,,,0.0
20260301,2026-03-01,2026-02-23,2026-03-01,3,Meta Ads,Paid Social,1,58970,509,6474.82,0,0,0,,,0.0
20260304,2026-03-04,2026-03-02,2026-03-01,3,Meta Ads,Paid Social,1,75590,735,6590.27,0,0,0,,,0.0
20260311,2026-03-11,2026-03-09,2026-03-01,3,Meta Ads,Paid Social,1,59630,653,7604.97,0,0,0,,,0.0
20260329,2026-03-29,2026-03-23,2026-03-01,3,Meta Ads,Paid Social,1,83665,837,10114.15,0,0,0,,,0.0
20260412,2026-04-12,2026-04-06,2026-04-01,3,Meta Ads,Paid Social,1,58457,736,11201.12,0,0,0,,,0.0
20260420,2026-04-20,2026-04-20,2026-04-01,3,Meta Ads,Paid Social,1,26678,337,5315.18,0,0,0,,,0.0
20260422,2026-04-22,2026-04-20,2026-04-01,3,Meta Ads,Paid Social,1,32583,393,6102.07,0,0,0,,,0.0
20260430,2026-04-30,2026-04-27,2026-04-01,3,Meta Ads,Paid Social,1,35583,496,6788.67,0,0,0,,,0.0
20260511,2026-05-11,2026-05-11,2026-05-01,3,Meta Ads,Paid Social,1,38711,485,6133.25,0,0,0,,,0.0
20260515,2026-05-15,2026-05-11,2026-05-01,3,Meta Ads,Paid Social,1,55808,708,10836.14,0,0,0,,,0.0
20260621,2026-06-21,2026-06-15,2026-06-01,3,Meta Ads,Paid Social,1,41270,484,7048.61,0,0,0,,,0.0
20260622,2026-06-22,2026-06-22,2026-06-01,3,Meta Ads,Paid Social,1,36997,473,6933.06,0,0,0,,,0.0
20260626,2026-06-26,2026-06-22,2026-06-01,3,Meta Ads,Paid Social,1,14588,211,2722.24,0,0,0,,,0.0
20260131,2026-01-31,2026-01-26,2026-01-01,2,Microsoft Ads,Paid Search,1,820,58,1449.06,0,0,0,,,0.0
20260203,2026-02-03,2026-02-02,2026-02-01,2,Microsoft Ads,Paid Search,1,353,33,590.02,0,0,0,,,0.0
20260304,2026-03-04,2026-03-02,2026-03-01,2,Microsoft Ads,Paid Search,1,1005,50,1727.34,0,0,0,,,0.0
20260306,2026-03-06,2026-03-02,2026-03-01,2,Microsoft Ads,Paid Search,1,1539,75,2555.2,0,0,0,,,0.0
20260308,2026-03-08,2026-03-02,2026-03-01,2,Microsoft Ads,Paid Search,1,1479,100,2651.71,0,0,0,,,0.0
20260309,2026-03-09,2026-03-09,2026-03-01,2,Microsoft Ads,Paid Search,1,1002,50,2579.41,0,0,0,,,0.0
20260314,2026-03-14,2026-03-09,2026-03-01,2,Microsoft Ads,Paid Search,1,1904,92,3531.52,0,0,0,,,0.0
20260318,2026-03-18,2026-03-16,2026-03-01,2,Microsoft Ads,Paid Search,1,1440,100,2601.64,0,0,0,,,0.0
20260319,2026-03-19,2026-03-16,2026-03-01,2,Microsoft Ads,Paid Search,1,1580,75,3577.69,0,0,0,,,0.0
20260321,2026-03-21,2026-03-16,2026-03-01,2,Microsoft Ads,Paid Search,1,825,58,1402.43,0,0,0,,,0.0
20260322,2026-03-22,2026-03-16,2026-03-01,2,Microsoft Ads,Paid Search,1,1469,75,2993.79,0,0,0,,,0.0
20260411,2026-04-11,2026-04-06,2026-04-01,14,Other,Other,0,0,0,0.0,27,11,139700,0.0,0.0,
20260323,2026-03-23,2026-03-23,2026-03-01,14,Other,Other,0,0,0,0.0,45,18,246200,0.0,0.0,
20260331,2026-03-31,2026-03-30,2026-03-01,14,Other,Other,0,0,0,0.0,41,16,198100,0.0,0.0,
20260206,2026-02-06,2026-02-02,2026-02-01,14,Other,Other,0,0,0,0.0,31,10,129000,0.0,0.0,
20260113,2026-01-13,2026-01-12,2026-01-01,14,Other,Other,0,0,0,0.0,35,14,182800,0.0,0.0,
20260115,2026-01-15,2026-01-12,2026-01-01,14,Other,Other,0,0,0,0.0,32,14,191800,0.0,0.0,
20260116,2026-01-16,2026-01-12,2026-01-01,14,Other,Other,0,0,0,0.0,26,14,201000,0.0,0.0,
20260424,2026-04-24,2026-04-20,2026-04-01,14,Other,Other,0,0,0,0.0,32,10,133900,0.0,0.0,
20260425,2026-04-25,2026-04-20,2026-04-01,15,Unknown,Other,0,0,0,0.0,1,0,0,0.0,,
20260428,2026-04-28,2026-04-27,2026-04-01,14,Other,Other,0,0,0,0.0,39,14,206600,0.0,0.0,
20260604,2026-06-04,2026-06-01,2026-06-01,14,Other,Other,0,0,0,0.0,31,12,165400,0.0,0.0,
20260605,2026-06-05,2026-06-01,2026-06-01,14,Other,Other,0,0,0,0.0,49,14,178800,0.0,0.0,
20260527,2026-05-27,2026-05-25,2026-05-01,14,Other,Other,0,0,0,0.0,34,19,269600,0.0,0.0,
20260614,2026-06-14,2026-06-08,2026-06-01,14,Other,Other,0,0,0,0.0,28,12,168800,0.0,0.0,
20260528,2026-05-28,2026-05-25,2026-05-01,15,Unknown,Other,0,0,0,0.0,1,0,0,0.0,,
20260529,2026-05-29,2026-05-25,2026-05-01,14,Other,Other,0,0,0,0.0,57,15,210700,0.0,0.0,
20260531,2026-05-31,2026-05-25,2026-05-01,14,Other,Other,0,0,0,0.0,22,7,98800,0.0,0.0,
20260517,2026-05-17,2026-05-11,2026-05-01,14,Other,Other,0,0,0,0.0,31,10,144800,0.0,0.0,
20260602,2026-06-02,2026-06-01,2026-06-01,15,Unknown,Other,0,0,0,0.0,1,1,15800,0.0,0.0,
20260603,2026-06-03,2026-06-01,2026-06-01,14,Other,Other,0,0,0,0.0,46,19,249500,0.0,0.0,
20260506,2026-05-06,2026-05-04,2026-05-01,14,Other,Other,0,0,0,0.0,46,16,206400,0.0,0.0,
