campaign_id,campaign_name,platform,objective,start_offset_days,end_offset_days,cpc_inr,ctr,ident_rate,quality,weight
GS-BRAND-001,Search | Brand | All Courses,Google Ads,Lead Gen,0,,22,0.09,0.07,1.6,0.15
GS-NB-MBA-002,Search | Non-Brand | Online MBA,Google Ads,Lead Gen,0,,68,0.045,0.04,1.2,0.35
GS-NB-DS-003,Search | Non-Brand | Data Science,Google Ads,Lead Gen,0,,85,0.04,0.033,0.9,0.25
GS-COMP-004,Search | Competitor | Aggregator Terms,Google Ads,Lead Gen,30,,55,0.035,0.028,0.6,0.15
GS-PMAX-005,PMax | Lead Gen | All Courses,Google Ads,Lead Gen,60,,30,0.02,0.035,0.5,0.1
META-PROS-001,Prospecting | MBA | Broad,Meta Ads,Lead Gen,0,,14,0.012,0.025,0.6,0.4
META-RT-002,Retargeting | Site Visitors,Meta Ads,Lead Gen,20,,9,0.02,0.035,1.5,0.2
META-LAL-003,Lookalike | Enrolled Students,Meta Ads,Lead Gen,45,,16,0.011,0.022,1.1,0.25
META-REELS-004,Reels | Awareness,Meta Ads,Awareness,0,100,7,0.006,0.012,0.4,0.15
MS-NB-MBA-001,Search | Non-Brand | MBA,Microsoft Ads,Lead Gen,10,,38,0.05,0.04,1.3,0.6
MS-BRAND-002,Search | Brand,Microsoft Ads,Lead Gen,10,,15,0.1,0.06,1.7,0.4
YT-INSTREAM-001,In-Stream | Career Advice,YouTube Ads,Awareness,15,,6,0.004,0.008,0.7,0.6
YT-DEMAND-002,Demand Gen | MBA,YouTube Ads,Lead Gen,60,,11,0.008,0.012,0.9,0.4
