decile,leads,conversions,min_score,max_score,conversion_rate_pct,cum_leads,cum_conversions,cum_capture_rate_pct,decile_lift
1,185,171,0.8732,0.99,92.43,185,171,24.02,2.4
2,185,141,0.6248,0.8732,76.22,370,312,43.82,1.98
3,185,102,0.5231,0.6235,55.14,555,414,58.15,1.43
4,184,92,0.4004,0.5218,50.0,739,506,71.07,1.3
5,185,80,0.3297,0.4003,43.24,924,586,82.3,1.12
6,185,51,0.2505,0.3288,27.57,1109,637,89.47,0.72
7,184,35,0.1453,0.2499,19.02,1293,672,94.38,0.49
8,185,21,0.0927,0.1449,11.35,1478,693,97.33,0.29
9,185,15,0.0507,0.0924,8.11,1663,708,99.44,0.21
10,185,4,0.0139,0.0505,2.16,1848,712,100.0,0.06
